Watching for file changes with StatReloader
Waiting for apps ready_event.
Apps ready_event triggered. Sending autoreload_started signal.
Watching dir G:\My Drive\PorraF1\website\f1porra_website\templates with glob **/*.
Watching dir G:\My Drive\PorraF1\website\locale with glob **/*.mo.
Watching dir G:\My Drive\PorraF1\website\f1porra_website\apps\public\locale with glob **/*.mo.
Watching dir G:\My Drive\PorraF1\website\f1porra_website\apps\accounts\locale with glob **/*.mo.
Watching dir G:\My Drive\venvs\django-webapp\lib\site-packages\psycopg2\locale with glob **/*.mo.
File G:\My Drive\venvs\django-webapp\lib\site-packages\psycopg2\_ipaddress.py first seen with mtime 1723571634.133
File C:\Users\agurtubayr001\AppData\Local\Programs\Python\Python39\Lib\collections\__init__.py first seen with mtime 1652798710.0
File C:\Users\agurtubayr001\AppData\Local\Programs\Python\Python39\Lib\asyncio\events.py first seen with mtime 1652798710.0
File G:\My Drive\venvs\django-webapp\lib\site-packages\django\contrib\admin\exceptions.py first seen with mtime 1711652981.841
File G:\My Drive\venvs\django-webapp\lib\site-packages\django\contrib\auth\password_validation.py first seen with mtime 1711653031.406
File G:\My Drive\venvs\django-webapp\lib\site-packages\django\core\validators.py first seen with mtime 1711653158.98
File G:\My Drive\venvs\django-webapp\lib\site-packages\django\core\files\storage\handler.py first seen with mtime 1711653160.786
File C:\Users\agurtubayr001\AppData\Local\Programs\Python\Python39\Lib\logging\__init__.py first seen with mtime 1652798710.0
File G:\My Drive\venvs\django-webapp\lib\site-packages\django\template\loaders\app_directories.py first seen with mtime 1711653175.822
File G:\My Drive\PorraF1\website\f1porra_website\apps\accounts\views.py first seen with mtime 1723053967.931
File G:\My Drive\venvs\django-webapp\lib\site-packages\django\core\checks\security\sessions.py first seen with mtime 1711653160.235
File C:\Users\agurtubayr001\AppData\Local\Programs\Python\Python39\Lib\asyncio\trsock.py first seen with mtime 1652798710.0
File C:\Users\agurtubayr001\AppData\Local\Programs\Python\Python39\DLLs\_lzma.pyd first seen with mtime 1652798762.0
File C:\Users\agurtubayr001\AppData\Local\Programs\Python\Python39\Lib\bisect.py first seen with mtime 1652798710.0
File G:\My Drive\venvs\django-webapp\lib\site-packages\django\contrib\auth\mixins.py first seen with mtime 1711653031.336
File C:\Users\agurtubayr001\AppData\Local\Programs\Python\Python39\Lib\io.py first seen with mtime 1652798710.0
File G:\My Drive\venvs\django-webapp\lib\site-packages\django\core\checks\files.py first seen with mtime 1711653159.607
File G:\My Drive\venvs\django-webapp\lib\site-packages\django\core\files\__init__.py first seen with mtime 1711653160.291
File G:\My Drive\venvs\django-webapp\lib\site-packages\django\templatetags\cache.py first seen with mtime 1711653176.106
File G:\My Drive\PorraF1\website\f1porra_website\apps\public\models.py first seen with mtime 1723573175.887
File G:\My Drive\venvs\django-webapp\lib\site-packages\django\template\backends\django.py first seen with mtime 1711653175.647
File G:\My Drive\venvs\django-webapp\lib\site-packages\django\middleware\__init__.py first seen with mtime 1711653174.626
File G:\My Drive\venvs\django-webapp\lib\site-packages\django\db\models\fields\proxy.py first seen with mtime 1711653167.424
File C:\Users\agurtubayr001\AppData\Local\Programs\Python\Python39\Lib\inspect.py first seen with mtime 1652798710.0
File G:\My Drive\venvs\django-webapp\lib\site-packages\django\utils\itercompat.py first seen with mtime 1711653178.118
File C:\Users\agurtubayr001\AppData\Local\Programs\Python\Python39\Lib\_collections_abc.py first seen with mtime 1652798710.0
File C:\Users\agurtubayr001\AppData\Local\Programs\Python\Python39\Lib\asyncio\threads.py first seen with mtime 1652798710.0
File G:\My Drive\venvs\django-webapp\lib\site-packages\django\template\loader_tags.py first seen with mtime 1711653175.32
File G:\My Drive\venvs\django-webapp\lib\site-packages\django\forms\utils.py first seen with mtime 1711653170.439
File C:\Users\agurtubayr001\AppData\Local\Programs\Python\Python39\Lib\wsgiref\handlers.py first seen with mtime 1652798712.0
File G:\My Drive\venvs\django-webapp\lib\site-packages\django\contrib\admin\__init__.py first seen with mtime 1711652981.634
File G:\My Drive\venvs\django-webapp\lib\site-packages\django\db\models\expressions.py first seen with mtime 1711653166.872
File C:\Users\agurtubayr001\AppData\Local\Programs\Python\Python39\Lib\nturl2path.py first seen with mtime 1652798710.0
File C:\Users\agurtubayr001\AppData\Local\Programs\Python\Python39\Lib\urllib\request.py first seen with mtime 1652798712.0
File G:\My Drive\venvs\django-webapp\lib\site-packages\django\utils\timezone.py first seen with mtime 1711653178.655
File C:\Users\agurtubayr001\AppData\Local\Programs\Python\Python39\Lib\signal.py first seen with mtime 1652798710.0
File G:\My Drive\venvs\django-webapp\lib\site-packages\django\db\backends\postgresql\features.py first seen with mtime 1711653165.226
File G:\My Drive\venvs\django-webapp\lib\site-packages\django\http\response.py first seen with mtime 1711653174.586
File G:\My Drive\PorraF1\website\f1porra_website\apps\public\admin.py first seen with mtime 1723561766.222
File G:\My Drive\venvs\django-webapp\lib\site-packages\django\core\checks\templates.py first seen with mtime 1711653159.936
File G:\My Drive\venvs\django-webapp\lib\site-packages\django\template\exceptions.py first seen with mtime 1711653175.225
File G:\My Drive\venvs\django-webapp\lib\site-packages\django\views\decorators\csrf.py first seen with mtime 1711653179.597
File C:\Users\agurtubayr001\AppData\Local\Programs\Python\Python39\Lib\asyncio\protocols.py first seen with mtime 1652798710.0
File G:\My Drive\venvs\django-webapp\lib\site-packages\django\core\checks\async_checks.py first seen with mtime 1711653159.502
File C:\Users\agurtubayr001\AppData\Local\Programs\Python\Python39\Lib\ast.py first seen with mtime 1652798710.0
File G:\My Drive\venvs\django-webapp\lib\site-packages\django\conf\locale\__init__.py first seen with mtime 1711652959.228
File G:\My Drive\venvs\django-webapp\lib\site-packages\asgiref\local.py first seen with mtime 1711652953.161
File C:\Users\agurtubayr001\AppData\Local\Programs\Python\Python39\Lib\functools.py first seen with mtime 1652798710.0
File G:\My Drive\venvs\django-webapp\lib\site-packages\colorama\win32.py first seen with mtime 1721299540.186
File C:\Users\agurtubayr001\AppData\Local\Programs\Python\Python39\Lib\pprint.py first seen with mtime 1652798710.0
File G:\My Drive\venvs\django-webapp\lib\site-packages\django\core\checks\security\base.py first seen with mtime 1711653160.159
File G:\My Drive\venvs\django-webapp\lib\site-packages\django\contrib\auth\urls.py first seen with mtime 1711653031.522
File C:\Users\agurtubayr001\AppData\Local\Programs\Python\Python39\Lib\copyreg.py first seen with mtime 1652798710.0
File C:\Users\agurtubayr001\AppData\Local\Programs\Python\Python39\Lib\pkgutil.py first seen with mtime 1652798710.0
File G:\My Drive\venvs\django-webapp\lib\site-packages\sqlparse\filters\__init__.py first seen with mtime 1711652921.26
File C:\Users\agurtubayr001\AppData\Local\Programs\Python\Python39\Lib\_compression.py first seen with mtime 1652798710.0
File G:\My Drive\venvs\django-webapp\lib\site-packages\django\contrib\sessions\__init__.py first seen with mtime 1711653128.94
File G:\My Drive\PorraF1\website\f1porra_website\apps\accounts\apps.py first seen with mtime 1723047270.774
File C:\Users\agurtubayr001\AppData\Local\Programs\Python\Python39\Lib\selectors.py first seen with mtime 1652798710.0
File C:\Users\agurtubayr001\AppData\Local\Programs\Python\Python39\Lib\asyncio\log.py first seen with mtime 1652798710.0
File G:\My Drive\venvs\django-webapp\lib\site-packages\django\core\wsgi.py first seen with mtime 1711653159.012
File G:\My Drive\venvs\django-webapp\lib\site-packages\django\core\cache\backends\__init__.py first seen with mtime 1711653159.15
File G:\My Drive\venvs\django-webapp\lib\site-packages\django\template\__init__.py first seen with mtime 1711653174.971
File G:\My Drive\venvs\django-webapp\lib\site-packages\sqlparse\filters\right_margin.py first seen with mtime 1711652922.64
File G:\My Drive\venvs\django-webapp\lib\site-packages\django\db\models\sql\__init__.py first seen with mtime 1711653168.047
File G:\My Drive\venvs\django-webapp\lib\site-packages\django\contrib\sites\__init__.py first seen with mtime 1711653142.821
File G:\My Drive\venvs\django-webapp\lib\site-packages\django\http\cookie.py first seen with mtime 1711653174.492
File G:\My Drive\venvs\django-webapp\lib\site-packages\django\core\exceptions.py first seen with mtime 1711653158.84
File C:\Users\agurtubayr001\AppData\Local\Programs\Python\Python39\Lib\tokenize.py first seen with mtime 1652798712.0
File C:\Users\agurtubayr001\AppData\Local\Programs\Python\Python39\Lib\concurrent\futures\thread.py first seen with mtime 1652798710.0
File G:\My Drive\venvs\django-webapp\lib\site-packages\django\core\signing.py first seen with mtime 1711653158.942
File G:\My Drive\venvs\django-webapp\lib\site-packages\django\utils\autoreload.py first seen with mtime 1711653177.292
File G:\My Drive\venvs\django-webapp\lib\site-packages\django\utils\dateformat.py first seen with mtime 1711653177.497
File C:\Users\agurtubayr001\AppData\Local\Programs\Python\Python39\Lib\opcode.py first seen with mtime 1652798710.0
File C:\Users\agurtubayr001\AppData\Local\Programs\Python\Python39\Lib\email\mime\__init__.py first seen with mtime 1652798710.0
File G:\My Drive\venvs\django-webapp\lib\site-packages\django\utils\text.py first seen with mtime 1711653178.586
File G:\My Drive\venvs\django-webapp\lib\site-packages\django\db\models\lookups.py first seen with mtime 1711653167.001
File G:\My Drive\venvs\django-webapp\lib\site-packages\django\contrib\admin\templatetags\__init__.py first seen with mtime 1711653016.471
File C:\Users\agurtubayr001\AppData\Local\Programs\Python\Python39\DLLs\select.pyd first seen with mtime 1652798762.0
File G:\My Drive\venvs\django-webapp\lib\site-packages\django\contrib\messages\middleware.py first seen with mtime 1711653101.363
File G:\My Drive\venvs\django-webapp\lib\site-packages\django\db\backends\postgresql\creation.py first seen with mtime 1711653165.193
File G:\My Drive\venvs\django-webapp\lib\site-packages\django\utils\functional.py first seen with mtime 1711653177.881
File C:\Users\agurtubayr001\AppData\Local\Programs\Python\Python39\Lib\concurrent\__init__.py first seen with mtime 1652798710.0
File G:\My Drive\PorraF1\website\f1porra_website\apps\public\urls.py first seen with mtime 1723389971.325
File G:\My Drive\venvs\django-webapp\lib\site-packages\django\utils\decorators.py first seen with mtime 1711653177.664
File G:\My Drive\venvs\django-webapp\lib\site-packages\django\contrib\auth\forms.py first seen with mtime 1711653031.221
File G:\My Drive\venvs\django-webapp\lib\site-packages\psycopg2\_range.py first seen with mtime 1723571634.313
File G:\My Drive\venvs\django-webapp\lib\site-packages\django\core\__init__.py first seen with mtime 1711653158.744
File C:\Users\agurtubayr001\AppData\Local\Programs\Python\Python39\DLLs\unicodedata.pyd first seen with mtime 1652798764.0
File C:\Users\agurtubayr001\AppData\Local\Programs\Python\Python39\DLLs\_hashlib.pyd first seen with mtime 1652798762.0
File C:\Users\agurtubayr001\AppData\Local\Programs\Python\Python39\Lib\ctypes\_endian.py first seen with mtime 1652798710.0
File C:\Users\agurtubayr001\AppData\Local\Programs\Python\Python39\Lib\wsgiref\util.py first seen with mtime 1652798712.0
File G:\My Drive\venvs\django-webapp\lib\site-packages\django\utils\encoding.py first seen with mtime 1711653177.777
File G:\My Drive\venvs\django-webapp\lib\site-packages\sqlparse\filters\reindent.py first seen with mtime 1711652922.423
File G:\My Drive\venvs\django-webapp\lib\site-packages\django\template\loaders\cached.py first seen with mtime 1711653175.963
File G:\My Drive\venvs\django-webapp\lib\site-packages\django\db\backends\postgresql\operations.py first seen with mtime 1711653165.289
File C:\Users\agurtubayr001\AppData\Local\Programs\Python\Python39\Lib\shutil.py first seen with mtime 1652798710.0
File G:\My Drive\PorraF1\website\f1porra_website\apps\__init__.py first seen with mtime 1711989116.894
File G:\My Drive\venvs\django-webapp\lib\site-packages\django\contrib\auth\hashers.py first seen with mtime 1711653031.271
File G:\My Drive\venvs\django-webapp\lib\site-packages\django\db\models\base.py first seen with mtime 1711653166.71
File G:\My Drive\venvs\django-webapp\lib\site-packages\django\db\backends\__init__.py first seen with mtime 1711653163.583
File G:\My Drive\venvs\django-webapp\lib\site-packages\django\utils\cache.py first seen with mtime 1711653177.366
File G:\My Drive\venvs\django-webapp\lib\site-packages\django\views\csrf.py first seen with mtime 1711653179.147
File C:\Users\agurtubayr001\AppData\Local\Programs\Python\Python39\Lib\zoneinfo\__init__.py first seen with mtime 1652798712.0
File C:\Users\agurtubayr001\AppData\Local\Programs\Python\Python39\Lib\encodings\__init__.py first seen with mtime 1652798710.0
File C:\Users\agurtubayr001\AppData\Local\Programs\Python\Python39\Lib\encodings\latin_1.py first seen with mtime 1652798710.0
File G:\My Drive\venvs\django-webapp\lib\site-packages\django\urls\conf.py first seen with mtime 1711653176.861
File G:\My Drive\venvs\django-webapp\lib\site-packages\django\contrib\admin\templatetags\base.py first seen with mtime 1711653016.624
File G:\My Drive\venvs\django-webapp\lib\site-packages\django\core\checks\security\csrf.py first seen with mtime 1711653160.201
File G:\My Drive\PorraF1\website\manage.py first seen with mtime 1711653736.104
File G:\My Drive\venvs\django-webapp\lib\site-packages\django\shortcuts.py first seen with mtime 1711652958.679
File C:\Users\agurtubayr001\AppData\Local\Programs\Python\Python39\Lib\weakref.py first seen with mtime 1652798712.0
File G:\My Drive\PorraF1\website\f1porra_website\settings.py first seen with mtime 1724167427.679
File C:\Users\agurtubayr001\AppData\Local\Programs\Python\Python39\Lib\_markupbase.py first seen with mtime 1652798710.0
File G:\My Drive\venvs\django-webapp\lib\site-packages\django\db\backends\base\creation.py first seen with mtime 1711653163.984
File G:\My Drive\venvs\django-webapp\lib\site-packages\django\contrib\admin\views\autocomplete.py first seen with mtime 1711653016.74
File C:\Users\agurtubayr001\AppData\Local\Programs\Python\Python39\Lib\http\server.py first seen with mtime 1652798710.0
File G:\My Drive\venvs\django-webapp\lib\site-packages\django\contrib\auth\tokens.py first seen with mtime 1711653031.484
File G:\My Drive\venvs\django-webapp\lib\site-packages\django\contrib\contenttypes\models.py first seen with mtime 1711653044.042
File G:\My Drive\venvs\django-webapp\lib\site-packages\django\template\library.py first seen with mtime 1711653175.254
File C:\Users\agurtubayr001\AppData\Local\Programs\Python\Python39\Lib\_bootlocale.py first seen with mtime 1652798710.0
File G:\My Drive\venvs\django-webapp\lib\site-packages\django\contrib\admin\helpers.py first seen with mtime 1711652982.0
File C:\Users\agurtubayr001\AppData\Local\Programs\Python\Python39\Lib\contextlib.py first seen with mtime 1652798710.0
File G:\My Drive\venvs\django-webapp\lib\site-packages\pytz\tzinfo.py first seen with mtime 1713093338.605
File C:\Users\agurtubayr001\AppData\Local\Programs\Python\Python39\Lib\copy.py first seen with mtime 1652798710.0
File G:\My Drive\venvs\django-webapp\lib\site-packages\django\views\defaults.py first seen with mtime 1711653179.219
File C:\Users\agurtubayr001\AppData\Local\Programs\Python\Python39\Lib\email\utils.py first seen with mtime 1652798710.0
File G:\My Drive\venvs\django-webapp\lib\site-packages\psycopg2\sql.py first seen with mtime 1723571634.598
File G:\My Drive\venvs\django-webapp\lib\site-packages\django\contrib\admin\templatetags\admin_list.py first seen with mtime 1711653016.514
File G:\My Drive\venvs\django-webapp\lib\site-packages\django\db\backends\postgresql\__init__.py first seen with mtime 1711653165.022
File C:\Users\agurtubayr001\AppData\Local\Programs\Python\Python39\Lib\lzma.py first seen with mtime 1652798710.0
File C:\Users\agurtubayr001\AppData\Local\Programs\Python\Python39\Lib\mimetypes.py first seen with mtime 1652798710.0
File G:\My Drive\venvs\django-webapp\lib\site-packages\django\db\migrations\utils.py first seen with mtime 1711653166.166
File G:\My Drive\venvs\django-webapp\lib\site-packages\django\forms\renderers.py first seen with mtime 1711653170.406
File G:\My Drive\venvs\django-webapp\lib\site-packages\django\views\i18n.py first seen with mtime 1711653179.253
File G:\My Drive\venvs\django-webapp\lib\site-packages\django\views\decorators\common.py first seen with mtime 1711653179.519
File G:\My Drive\venvs\django-webapp\lib\site-packages\django\contrib\auth\signals.py first seen with mtime 1711653031.441
File G:\My Drive\venvs\django-webapp\lib\site-packages\django\urls\converters.py first seen with mtime 1711653176.891
File G:\My Drive\venvs\django-webapp\lib\site-packages\django\db\models\fields\related_lookups.py first seen with mtime 1711653167.61
File G:\My Drive\venvs\django-webapp\lib\site-packages\django\views\generic\base.py first seen with mtime 1711653179.816
File C:\Users\agurtubayr001\AppData\Local\Programs\Python\Python39\Lib\hashlib.py first seen with mtime 1652798710.0
File C:\Users\agurtubayr001\AppData\Local\Programs\Python\Python39\Lib\collections\abc.py first seen with mtime 1652798710.0
File G:\My Drive\venvs\django-webapp\lib\site-packages\sqlparse\filters\tokens.py first seen with mtime 1711652922.883
File C:\Users\agurtubayr001\AppData\Local\Programs\Python\Python39\Lib\asyncio\base_events.py first seen with mtime 1652798710.0
File C:\Users\agurtubayr001\AppData\Local\Programs\Python\Python39\Lib\getpass.py first seen with mtime 1652798710.0
File C:\Users\agurtubayr001\AppData\Local\Programs\Python\Python39\Lib\email\generator.py first seen with mtime 1652798710.0
File C:\Users\agurtubayr001\AppData\Local\Programs\Python\Python39\Lib\calendar.py first seen with mtime 1652798710.0
File C:\Users\agurtubayr001\AppData\Local\Programs\Python\Python39\Lib\argparse.py first seen with mtime 1652798710.0
File G:\My Drive\venvs\django-webapp\lib\site-packages\django\contrib\admin\views\__init__.py first seen with mtime 1711653016.704
File C:\Users\agurtubayr001\AppData\Local\Programs\Python\Python39\Lib\http\__init__.py first seen with mtime 1652798710.0
File C:\Users\agurtubayr001\AppData\Local\Programs\Python\Python39\Lib\sre_compile.py first seen with mtime 1652798710.0
File C:\Users\agurtubayr001\AppData\Local\Programs\Python\Python39\Lib\urllib\error.py first seen with mtime 1652798712.0
File G:\My Drive\venvs\django-webapp\lib\site-packages\django\db\models\indexes.py first seen with mtime 1711653166.904
File G:\My Drive\venvs\django-webapp\lib\site-packages\django\core\checks\compatibility\django_4_0.py first seen with mtime 1711653160.084
File G:\My Drive\venvs\django-webapp\lib\site-packages\psycopg2\_psycopg.cp39-win_amd64.pyd first seen with mtime 1723571634.283
File G:\My Drive\venvs\django-webapp\lib\site-packages\django\core\files\uploadhandler.py first seen with mtime 1711653160.597
File G:\My Drive\venvs\django-webapp\lib\site-packages\django\conf\global_settings.py first seen with mtime 1711652958.888
File G:\My Drive\venvs\django-webapp\lib\site-packages\django\dispatch\dispatcher.py first seen with mtime 1711653168.358
File G:\My Drive\venvs\django-webapp\lib\site-packages\django\db\models\fields\related_descriptors.py first seen with mtime 1711653167.575
File G:\My Drive\venvs\django-webapp\lib\site-packages\django\views\generic\list.py first seen with mtime 1711653179.942
File C:\Users\agurtubayr001\AppData\Local\Programs\Python\Python39\Lib\contextvars.py first seen with mtime 1652798710.0
File G:\My Drive\venvs\django-webapp\lib\site-packages\django\template\backends\__init__.py first seen with mtime 1711653175.479
File C:\Users\agurtubayr001\AppData\Local\Programs\Python\Python39\Lib\http\cookies.py first seen with mtime 1652798710.0
File C:\Users\agurtubayr001\AppData\Local\Programs\Python\Python39\Lib\ntpath.py first seen with mtime 1652798710.0
File G:\My Drive\venvs\django-webapp\lib\site-packages\django\db\models\functions\math.py first seen with mtime 1711653167.856
File G:\My Drive\venvs\django-webapp\lib\site-packages\django\db\models\fields\files.py first seen with mtime 1711653167.309
File C:\Users\agurtubayr001\AppData\Local\Programs\Python\Python39\Lib\codecs.py first seen with mtime 1652798710.0
File G:\My Drive\venvs\django-webapp\lib\site-packages\django\contrib\admin\checks.py first seen with mtime 1711652981.756
File G:\My Drive\venvs\django-webapp\lib\site-packages\django\db\backends\base\__init__.py first seen with mtime 1711653163.796
File G:\My Drive\venvs\django-webapp\lib\site-packages\django\views\generic\dates.py first seen with mtime 1711653179.85
File G:\My Drive\venvs\django-webapp\lib\site-packages\sqlparse\keywords.py first seen with mtime 1711652918.159
File G:\My Drive\venvs\django-webapp\lib\site-packages\django\contrib\contenttypes\__init__.py first seen with mtime 1711653043.76
File G:\My Drive\venvs\django-webapp\lib\site-packages\django\conf\__init__.py first seen with mtime 1711652958.854
File G:\My Drive\venvs\django-webapp\lib\site-packages\asgiref\sync.py first seen with mtime 1711652954.244
File C:\Users\agurtubayr001\AppData\Local\Programs\Python\Python39\Lib\asyncio\futures.py first seen with mtime 1652798710.0
File C:\Users\agurtubayr001\AppData\Local\Programs\Python\Python39\Lib\asyncio\constants.py first seen with mtime 1652798710.0
File C:\Users\agurtubayr001\AppData\Local\Programs\Python\Python39\Lib\json\scanner.py first seen with mtime 1652798710.0
File C:\Users\agurtubayr001\AppData\Local\Programs\Python\Python39\Lib\_compat_pickle.py first seen with mtime 1652798710.0
File G:\My Drive\venvs\django-webapp\lib\site-packages\django\templatetags\tz.py first seen with mtime 1711653176.236
File G:\My Drive\venvs\django-webapp\lib\site-packages\django\core\checks\model_checks.py first seen with mtime 1711653159.864
File G:\My Drive\venvs\django-webapp\lib\site-packages\django\core\files\utils.py first seen with mtime 1711653160.628
File C:\Users\agurtubayr001\AppData\Local\Programs\Python\Python39\Lib\asyncio\subprocess.py first seen with mtime 1652798710.0
File G:\My Drive\venvs\django-webapp\lib\site-packages\django\utils\asyncio.py first seen with mtime 1711653177.249
File C:\Users\agurtubayr001\AppData\Local\Programs\Python\Python39\Lib\wsgiref\__init__.py first seen with mtime 1652798712.0
File G:\My Drive\venvs\django-webapp\lib\site-packages\django\forms\boundfield.py first seen with mtime 1711653170.224
File C:\Users\agurtubayr001\AppData\Local\Programs\Python\Python39\Lib\http\client.py first seen with mtime 1652798710.0
File G:\My Drive\venvs\django-webapp\lib\site-packages\django\views\decorators\cache.py first seen with mtime 1711653179.371
File C:\Users\agurtubayr001\AppData\Local\Programs\Python\Python39\Lib\asyncio\streams.py first seen with mtime 1652798710.0
File C:\Users\agurtubayr001\AppData\Local\Programs\Python\Python39\Lib\base64.py first seen with mtime 1652798710.0
File G:\My Drive\venvs\django-webapp\lib\site-packages\django\core\signals.py first seen with mtime 1711653158.908
File G:\My Drive\venvs\django-webapp\lib\site-packages\django\contrib\admin\sites.py first seen with mtime 1711652982.164
File G:\My Drive\venvs\django-webapp\lib\site-packages\django\db\models\functions\window.py first seen with mtime 1711653167.967
File C:\Users\agurtubayr001\AppData\Local\Programs\Python\Python39\Lib\pickle.py first seen with mtime 1652798710.0
File G:\My Drive\venvs\django-webapp\lib\site-packages\django\contrib\admin\utils.py first seen with mtime 1711652982.272
File G:\My Drive\venvs\django-webapp\lib\site-packages\django\urls\exceptions.py first seen with mtime 1711653176.926
File G:\My Drive\venvs\django-webapp\lib\site-packages\django\templatetags\__init__.py first seen with mtime 1711653176.07
File C:\Users\agurtubayr001\AppData\Local\Programs\Python\Python39\Lib\warnings.py first seen with mtime 1652798712.0
File G:\My Drive\venvs\django-webapp\lib\site-packages\django\utils\tree.py first seen with mtime 1711653178.768
File G:\My Drive\venvs\django-webapp\lib\site-packages\django\db\backends\signals.py first seen with mtime 1711653163.725
File C:\Users\agurtubayr001\AppData\Local\Programs\Python\Python39\Lib\secrets.py first seen with mtime 1652798710.0
File G:\My Drive\venvs\django-webapp\lib\site-packages\django\db\models\functions\__init__.py first seen with mtime 1711653167.714
File G:\My Drive\venvs\django-webapp\lib\site-packages\django\db\__init__.py first seen with mtime 1711653163.46
File G:\My Drive\venvs\django-webapp\lib\site-packages\django\contrib\admin\apps.py first seen with mtime 1711652981.714
File G:\My Drive\venvs\django-webapp\lib\site-packages\django\core\checks\database.py first seen with mtime 1711653159.571
File G:\My Drive\venvs\django-webapp\lib\site-packages\django\utils\deprecation.py first seen with mtime 1711653177.698
File G:\My Drive\venvs\django-webapp\lib\site-packages\django\core\management\commands\__init__.py first seen with mtime 1711653161.85
File G:\My Drive\venvs\django-webapp\lib\site-packages\django\core\serializers\base.py first seen with mtime 1711653163.054
File G:\My Drive\venvs\django-webapp\lib\site-packages\django\conf\urls\__init__.py first seen with mtime 1711652981.425
File G:\My Drive\venvs\django-webapp\lib\site-packages\sqlparse\sql.py first seen with mtime 1711652918.777
File C:\Users\agurtubayr001\AppData\Local\Programs\Python\Python39\Lib\token.py first seen with mtime 1652798712.0
File G:\My Drive\venvs\django-webapp\lib\site-packages\django\db\backends\base\client.py first seen with mtime 1711653163.951
File G:\My Drive\venvs\django-webapp\lib\site-packages\pytz\lazy.py first seen with mtime 1713093338.57
File C:\Users\agurtubayr001\AppData\Local\Programs\Python\Python39\Lib\email\base64mime.py first seen with mtime 1652798710.0
File C:\Users\agurtubayr001\AppData\Local\Programs\Python\Python39\Lib\queue.py first seen with mtime 1652798710.0
File C:\Users\agurtubayr001\AppData\Local\Programs\Python\Python39\DLLs\_overlapped.pyd first seen with mtime 1652798762.0
File G:\My Drive\venvs\django-webapp\lib\site-packages\asgiref\__init__.py first seen with mtime 1711652952.798
File G:\My Drive\venvs\django-webapp\lib\site-packages\django\core\management\base.py first seen with mtime 1711653161.662
File G:\My Drive\venvs\django-webapp\lib\site-packages\django\core\handlers\base.py first seen with mtime 1711653160.971
File C:\Users\agurtubayr001\AppData\Local\Programs\Python\Python39\Lib\email\encoders.py first seen with mtime 1652798710.0
File G:\My Drive\venvs\django-webapp\lib\site-packages\django\urls\__init__.py first seen with mtime 1711653176.797
File G:\My Drive\venvs\django-webapp\lib\site-packages\django\contrib\staticfiles\__init__.py first seen with mtime 1711653158.077
File C:\Users\agurtubayr001\AppData\Local\Programs\Python\Python39\Lib\encodings\cp1252.py first seen with mtime 1652798710.0
File G:\My Drive\venvs\django-webapp\lib\site-packages\django\contrib\contenttypes\forms.py first seen with mtime 1711653044.004
File G:\My Drive\venvs\django-webapp\lib\site-packages\django\apps\registry.py first seen with mtime 1711652958.792
File C:\Users\agurtubayr001\AppData\Local\Programs\Python\Python39\Lib\zoneinfo\_common.py first seen with mtime 1652798712.0
File G:\My Drive\venvs\django-webapp\lib\site-packages\typing_extensions.py first seen with mtime 1711652909.312
File G:\My Drive\venvs\django-webapp\lib\site-packages\django\utils\_os.py first seen with mtime 1711653177.071
File C:\Users\agurtubayr001\AppData\Local\Programs\Python\Python39\Lib\concurrent\futures\_base.py first seen with mtime 1652798710.0
File C:\Users\agurtubayr001\AppData\Local\Programs\Python\Python39\Lib\abc.py first seen with mtime 1652798710.0
File G:\My Drive\venvs\django-webapp\lib\site-packages\django\contrib\sessions\apps.py first seen with mtime 1711653128.975
File G:\My Drive\venvs\django-webapp\lib\site-packages\django\core\cache\backends\locmem.py first seen with mtime 1711653159.338
File G:\My Drive\venvs\django-webapp\lib\site-packages\django\template\utils.py first seen with mtime 1711653175.426
File G:\My Drive\venvs\django-webapp\lib\site-packages\django\contrib\auth\__init__.py first seen with mtime 1711653030.913
File C:\Users\agurtubayr001\AppData\Local\Programs\Python\Python39\Lib\asyncio\transports.py first seen with mtime 1652798710.0
File G:\My Drive\venvs\django-webapp\lib\site-packages\django\db\models\utils.py first seen with mtime 1711653167.217
File G:\My Drive\venvs\django-webapp\lib\site-packages\django\forms\models.py first seen with mtime 1711653170.368
File C:\Users\agurtubayr001\AppData\Local\Programs\Python\Python39\Lib\html\parser.py first seen with mtime 1652798710.0
File G:\My Drive\venvs\django-webapp\lib\site-packages\asgiref\current_thread_executor.py first seen with mtime 1711652953.056
File G:\My Drive\venvs\django-webapp\lib\site-packages\django\db\migrations\state.py first seen with mtime 1711653166.13
File G:\My Drive\venvs\django-webapp\lib\site-packages\django\core\servers\__init__.py first seen with mtime 1711653163.367
File C:\Users\agurtubayr001\AppData\Local\Programs\Python\Python39\Lib\bz2.py first seen with mtime 1652798710.0
File C:\Users\agurtubayr001\AppData\Local\Programs\Python\Python39\Lib\posixpath.py first seen with mtime 1652798710.0
File C:\Users\agurtubayr001\AppData\Local\Programs\Python\Python39\Lib\json\__init__.py first seen with mtime 1652798710.0
File G:\My Drive\venvs\django-webapp\lib\site-packages\django\core\cache\backends\filebased.py first seen with mtime 1711653159.298
File C:\Users\agurtubayr001\AppData\Local\Programs\Python\Python39\Lib\json\decoder.py first seen with mtime 1652798710.0
File G:\My Drive\venvs\django-webapp\lib\site-packages\django\core\files\base.py first seen with mtime 1711653160.324
File G:\My Drive\venvs\django-webapp\lib\site-packages\django\utils\http.py first seen with mtime 1711653178.012
File C:\Users\agurtubayr001\AppData\Local\Programs\Python\Python39\Lib\ssl.py first seen with mtime 1652798710.0
File C:\Users\agurtubayr001\AppData\Local\Programs\Python\Python39\Lib\string.py first seen with mtime 1652798710.0
File C:\Users\agurtubayr001\AppData\Local\Programs\Python\Python39\Lib\uu.py first seen with mtime 1652798712.0
File C:\Users\agurtubayr001\AppData\Local\Programs\Python\Python39\Lib\sre_constants.py first seen with mtime 1652798710.0
File C:\Users\agurtubayr001\AppData\Local\Programs\Python\Python39\Lib\uuid.py first seen with mtime 1652798712.0
File G:\My Drive\venvs\django-webapp\lib\site-packages\django\contrib\auth\backends.py first seen with mtime 1711653031.01
File G:\My Drive\venvs\django-webapp\lib\site-packages\django\http\__init__.py first seen with mtime 1711653174.46
File C:\Users\agurtubayr001\AppData\Local\Programs\Python\Python39\Lib\datetime.py first seen with mtime 1652798710.0
File G:\My Drive\venvs\django-webapp\lib\site-packages\django\contrib\admin\options.py first seen with mtime 1711652982.116
File G:\My Drive\venvs\django-webapp\lib\site-packages\sqlparse\filters\output.py first seen with mtime 1711652922.196
File G:\My Drive\venvs\django-webapp\lib\site-packages\django\db\models\constraints.py first seen with mtime 1711653166.772
File G:\My Drive\venvs\django-webapp\lib\site-packages\django\db\models\fields\json.py first seen with mtime 1711653167.348
File G:\My Drive\venvs\django-webapp\lib\site-packages\django\contrib\admin\decorators.py first seen with mtime 1711652981.801
File C:\Users\agurtubayr001\AppData\Local\Programs\Python\Python39\Lib\wsgiref\headers.py first seen with mtime 1652798712.0
File G:\My Drive\venvs\django-webapp\lib\site-packages\django\contrib\admin\templatetags\admin_modify.py first seen with mtime 1711653016.55
File G:\My Drive\PorraF1\website\f1porra_website\apps\accounts\models.py first seen with mtime 1723049251.806
File G:\My Drive\venvs\django-webapp\lib\site-packages\django\contrib\sessions\base_session.py first seen with mtime 1711653129.005
File G:\My Drive\PorraF1\website\f1porra_website\__init__.py first seen with mtime 1711653736.275
File G:\My Drive\PorraF1\website\f1porra_website\apps\public\__init__.py first seen with mtime 1711989231.925
File G:\My Drive\venvs\django-webapp\lib\site-packages\django\core\checks\translation.py first seen with mtime 1711653159.971
File G:\My Drive\venvs\django-webapp\lib\site-packages\django\contrib\staticfiles\handlers.py first seen with mtime 1711653158.217
File G:\My Drive\venvs\django-webapp\lib\site-packages\django\utils\ipv6.py first seen with mtime 1711653178.08
File G:\My Drive\venvs\django-webapp\lib\site-packages\django\db\backends\utils.py first seen with mtime 1711653163.755
File G:\My Drive\venvs\django-webapp\lib\site-packages\django\db\backends\base\features.py first seen with mtime 1711653164.016
File G:\My Drive\venvs\django-webapp\lib\site-packages\django\contrib\sites\shortcuts.py first seen with mtime 1711653143.164
File G:\My Drive\venvs\django-webapp\lib\site-packages\django\utils\duration.py first seen with mtime 1711653177.739
File G:\My Drive\venvs\django-webapp\lib\site-packages\sqlparse\tokens.py first seen with mtime 1711652919.059
File C:\Users\agurtubayr001\AppData\Local\Programs\Python\Python39\Lib\linecache.py first seen with mtime 1652798710.0
File C:\Users\agurtubayr001\AppData\Local\Programs\Python\Python39\Lib\asyncio\queues.py first seen with mtime 1652798710.0
File G:\My Drive\PorraF1\website\f1porra_website\urls.py first seen with mtime 1723048557.096
File G:\My Drive\venvs\django-webapp\lib\site-packages\sqlparse\filters\others.py first seen with mtime 1711652921.876
File C:\Users\agurtubayr001\AppData\Local\Programs\Python\Python39\Lib\locale.py first seen with mtime 1652798710.0
File G:\My Drive\PorraF1\website\f1porra_website\apps\accounts\admin.py first seen with mtime 1723048101.537
File G:\My Drive\venvs\django-webapp\lib\site-packages\django\db\models\constants.py first seen with mtime 1711653166.741
File G:\My Drive\venvs\django-webapp\lib\site-packages\django\contrib\admin\templatetags\admin_urls.py first seen with mtime 1711653016.585
File G:\My Drive\venvs\django-webapp\lib\site-packages\django\views\generic\detail.py first seen with mtime 1711653179.882
File C:\Users\agurtubayr001\AppData\Local\Programs\Python\Python39\Lib\importlib\machinery.py first seen with mtime 1652798710.0
File C:\Users\agurtubayr001\AppData\Local\Programs\Python\Python39\Lib\numbers.py first seen with mtime 1652798710.0
File G:\My Drive\venvs\django-webapp\lib\site-packages\django\utils\__init__.py first seen with mtime 1711653177.038
File G:\My Drive\venvs\django-webapp\lib\site-packages\django\contrib\admin\actions.py first seen with mtime 1711652981.676
File C:\Users\agurtubayr001\AppData\Local\Programs\Python\Python39\Lib\email\mime\text.py first seen with mtime 1652798710.0
File C:\Users\agurtubayr001\AppData\Local\Programs\Python\Python39\DLLs\_decimal.pyd first seen with mtime 1652798762.0
File G:\My Drive\venvs\django-webapp\lib\site-packages\django\template\loader.py first seen with mtime 1711653175.285
File G:\My Drive\venvs\django-webapp\lib\site-packages\django\views\debug.py first seen with mtime 1711653179.182
File C:\Users\agurtubayr001\AppData\Local\Programs\Python\Python39\Lib\importlib\util.py first seen with mtime 1652798710.0
File G:\My Drive\venvs\django-webapp\lib\site-packages\django\core\files\images.py first seen with mtime 1711653160.356
File G:\My Drive\venvs\django-webapp\lib\site-packages\django\db\models\options.py first seen with mtime 1711653167.07
File G:\My Drive\venvs\django-webapp\lib\site-packages\colorama\__init__.py first seen with mtime 1721299540.112
File G:\My Drive\venvs\django-webapp\lib\site-packages\django\core\cache\backends\base.py first seen with mtime 1711653159.191
File G:\My Drive\venvs\django-webapp\lib\site-packages\django\template\base.py first seen with mtime 1711653175.031
File G:\My Drive\venvs\django-webapp\lib\site-packages\django\template\defaultfilters.py first seen with mtime 1711653175.13
File G:\My Drive\venvs\django-webapp\lib\site-packages\sqlparse\engine\__init__.py first seen with mtime 1711652919.715
File G:\My Drive\venvs\django-webapp\lib\site-packages\django\core\mail\__init__.py first seen with mtime 1711653161.166
File G:\My Drive\venvs\django-webapp\lib\site-packages\django\db\backends\postgresql\psycopg_any.py first seen with mtime 1711653165.32
File G:\My Drive\venvs\django-webapp\lib\site-packages\django\apps\config.py first seen with mtime 1711652958.76
File G:\My Drive\venvs\django-webapp\lib\site-packages\django\forms\widgets.py first seen with mtime 1711653170.472
File G:\My Drive\venvs\django-webapp\lib\site-packages\django\db\models\query.py first seen with mtime 1711653167.11
File G:\My Drive\venvs\django-webapp\lib\site-packages\django\core\mail\message.py first seen with mtime 1711653161.211
File C:\Users\agurtubayr001\AppData\Local\Programs\Python\Python39\Lib\email\parser.py first seen with mtime 1652798710.0
File C:\Users\agurtubayr001\AppData\Local\Programs\Python\Python39\Lib\email\quoprimime.py first seen with mtime 1652798710.0
File G:\My Drive\venvs\django-webapp\lib\site-packages\django\contrib\contenttypes\fields.py first seen with mtime 1711653043.946
File C:\Users\agurtubayr001\AppData\Local\Programs\Python\Python39\Lib\email\mime\base.py first seen with mtime 1652798710.0
File G:\My Drive\venvs\django-webapp\lib\site-packages\psycopg2\__init__.py first seen with mtime 1723571634.082
File C:\Users\agurtubayr001\AppData\Local\Programs\Python\Python39\Lib\sre_parse.py first seen with mtime 1652798710.0
File C:\Users\agurtubayr001\AppData\Local\Programs\Python\Python39\Lib\asyncio\tasks.py first seen with mtime 1652798710.0
File C:\Users\agurtubayr001\AppData\Local\Programs\Python\Python39\Lib\typing.py first seen with mtime 1652798712.0
File C:\Users\agurtubayr001\AppData\Local\Programs\Python\Python39\Lib\re.py first seen with mtime 1652798710.0
File G:\My Drive\venvs\django-webapp\lib\site-packages\django\middleware\csrf.py first seen with mtime 1711653174.753
File G:\My Drive\venvs\django-webapp\lib\site-packages\django\core\files\storage\mixins.py first seen with mtime 1711653160.862
File G:\My Drive\venvs\django-webapp\lib\site-packages\django\db\transaction.py first seen with mtime 1711653163.499
File C:\Users\agurtubayr001\AppData\Local\Programs\Python\Python39\Lib\traceback.py first seen with mtime 1652798712.0
File G:\My Drive\venvs\django-webapp\lib\site-packages\django\db\models\sql\subqueries.py first seen with mtime 1711653168.231
File C:\Users\agurtubayr001\AppData\Local\Programs\Python\Python39\Lib\subprocess.py first seen with mtime 1652798710.0
File G:\My Drive\venvs\django-webapp\lib\site-packages\django\core\checks\compatibility\__init__.py first seen with mtime 1711653160.048
File G:\My Drive\venvs\django-webapp\lib\site-packages\sqlparse\engine\grouping.py first seen with mtime 1711652920.706
File G:\My Drive\venvs\django-webapp\lib\site-packages\win32\lib\pywin32_bootstrap.py first seen with mtime 1721299402.026
File G:\My Drive\venvs\django-webapp\lib\site-packages\django\http\request.py first seen with mtime 1711653174.556
File G:\My Drive\venvs\django-webapp\lib\site-packages\django\forms\formsets.py first seen with mtime 1711653170.324
File G:\My Drive\PorraF1\website\f1porra_website\apps\accounts\urls.py first seen with mtime 1722792063.59
File C:\Users\agurtubayr001\AppData\Local\Programs\Python\Python39\Lib\asyncio\base_subprocess.py first seen with mtime 1652798710.0
File G:\My Drive\venvs\django-webapp\lib\site-packages\django\middleware\security.py first seen with mtime 1711653174.891
File G:\My Drive\venvs\django-webapp\lib\site-packages\django\db\backends\base\operations.py first seen with mtime 1711653164.087
File G:\My Drive\venvs\django-webapp\lib\site-packages\django\db\migrations\operations\models.py first seen with mtime 1711653166.381
File G:\My Drive\venvs\django-webapp\lib\site-packages\colorama\initialise.py first seen with mtime 1721299540.166
File G:\My Drive\venvs\django-webapp\lib\site-packages\django\contrib\__init__.py first seen with mtime 1711652981.559
File G:\My Drive\venvs\django-webapp\lib\site-packages\django\core\files\storage\__init__.py first seen with mtime 1711653160.682
File C:\Users\agurtubayr001\AppData\Local\Programs\Python\Python39\Lib\email\_parseaddr.py first seen with mtime 1652798710.0
File G:\My Drive\venvs\django-webapp\lib\site-packages\django\core\serializers\json.py first seen with mtime 1711653163.167
File G:\My Drive\venvs\django-webapp\lib\site-packages\pytz\exceptions.py first seen with mtime 1713093338.557
File G:\My Drive\venvs\django-webapp\lib\site-packages\django\utils\dateparse.py first seen with mtime 1711653177.529
File C:\Users\agurtubayr001\AppData\Local\Programs\Python\Python39\Lib\struct.py first seen with mtime 1652798710.0
File C:\Users\agurtubayr001\AppData\Local\Programs\Python\Python39\Lib\email\_encoded_words.py first seen with mtime 1652798710.0
File G:\My Drive\venvs\django-webapp\lib\site-packages\django\db\models\enums.py first seen with mtime 1711653166.837
File C:\Users\agurtubayr001\AppData\Local\Programs\Python\Python39\Lib\types.py first seen with mtime 1652798712.0
File G:\My Drive\venvs\django-webapp\lib\site-packages\django\forms\forms.py first seen with mtime 1711653170.294
File G:\My Drive\venvs\django-webapp\lib\site-packages\django\contrib\contenttypes\apps.py first seen with mtime 1711653043.825
File G:\My Drive\venvs\django-webapp\lib\site-packages\psycopg2\errors.py first seen with mtime 1723571634.471
File G:\My Drive\venvs\django-webapp\lib\site-packages\psycopg2\extras.py first seen with mtime 1723571634.534
File G:\My Drive\venvs\django-webapp\lib\site-packages\django\db\models\manager.py first seen with mtime 1711653167.033
File G:\My Drive\venvs\django-webapp\lib\site-packages\django\template\loaders\__init__.py first seen with mtime 1711653175.788
File C:\Users\agurtubayr001\AppData\Local\Programs\Python\Python39\DLLs\_socket.pyd first seen with mtime 1652798762.0
File C:\Users\agurtubayr001\AppData\Local\Programs\Python\Python39\Lib\asyncio\format_helpers.py first seen with mtime 1652798710.0
File G:\My Drive\venvs\django-webapp\lib\site-packages\sqlparse\lexer.py first seen with mtime 1711652918.535
File C:\Users\agurtubayr001\AppData\Local\Programs\Python\Python39\Lib\difflib.py first seen with mtime 1652798710.0
File G:\My Drive\venvs\django-webapp\lib\site-packages\django\contrib\auth\views.py first seen with mtime 1711653031.61
File C:\Users\agurtubayr001\AppData\Local\Programs\Python\Python39\Lib\email\_header_value_parser.py first seen with mtime 1652798710.0
File G:\My Drive\venvs\django-webapp\lib\site-packages\django\db\models\functions\datetime.py first seen with mtime 1711653167.821
File G:\My Drive\venvs\django-webapp\lib\site-packages\sqlparse\exceptions.py first seen with mtime 1711652917.755
File G:\My Drive\venvs\django-webapp\lib\site-packages\django\contrib\staticfiles\checks.py first seen with mtime 1711653158.145
File G:\My Drive\venvs\django-webapp\lib\site-packages\django\db\backends\postgresql\base.py first seen with mtime 1711653165.118
File G:\My Drive\venvs\django-webapp\lib\site-packages\psycopg2\extensions.py first seen with mtime 1723571634.5
File G:\My Drive\venvs\django-webapp\lib\site-packages\django\db\models\sql\where.py first seen with mtime 1711653168.268
File G:\My Drive\venvs\django-webapp\lib\site-packages\django\core\checks\caches.py first seen with mtime 1711653159.536
File G:\My Drive\venvs\django-webapp\lib\site-packages\django\db\models\sql\datastructures.py first seen with mtime 1711653168.153
File G:\My Drive\venvs\django-webapp\lib\site-packages\django\db\migrations\exceptions.py first seen with mtime 1711653165.82
File G:\My Drive\venvs\django-webapp\lib\site-packages\django\contrib\auth\checks.py first seen with mtime 1711653031.086
File G:\My Drive\venvs\django-webapp\lib\site-packages\django\views\decorators\__init__.py first seen with mtime 1711653179.334
File G:\My Drive\venvs\django-webapp\lib\site-packages\django\apps\__init__.py first seen with mtime 1711652958.731
File G:\My Drive\venvs\django-webapp\lib\site-packages\django\db\utils.py first seen with mtime 1711653163.533
File C:\Users\agurtubayr001\AppData\Local\Programs\Python\Python39\Lib\email\mime\nonmultipart.py first seen with mtime 1652798710.0
File C:\Users\agurtubayr001\AppData\Local\Programs\Python\Python39\Lib\reprlib.py first seen with mtime 1652798710.0
File C:\Users\agurtubayr001\AppData\Local\Programs\Python\Python39\Lib\urllib\response.py first seen with mtime 1652798712.0
File C:\Users\agurtubayr001\AppData\Local\Programs\Python\Python39\Lib\asyncio\proactor_events.py first seen with mtime 1652798710.0
File G:\My Drive\venvs\django-webapp\lib\site-packages\django\db\models\functions\comparison.py first seen with mtime 1711653167.75
File G:\My Drive\venvs\django-webapp\lib\site-packages\django\contrib\staticfiles\management\commands\__init__.py first seen with mtime 1711653158.478
File G:\My Drive\venvs\django-webapp\lib\site-packages\django\contrib\sessions\middleware.py first seen with mtime 1711653129.072
File G:\My Drive\venvs\django-webapp\lib\site-packages\django\contrib\messages\__init__.py first seen with mtime 1711653100.998
File G:\My Drive\venvs\django-webapp\lib\site-packages\django\urls\resolvers.py first seen with mtime 1711653176.968
File G:\My Drive\venvs\django-webapp\lib\site-packages\django\utils\log.py first seen with mtime 1711653178.183
File G:\My Drive\venvs\django-webapp\lib\site-packages\django\db\backends\base\validation.py first seen with mtime 1711653164.16
File C:\Users\agurtubayr001\AppData\Local\Programs\Python\Python39\Lib\importlib\__init__.py first seen with mtime 1652798710.0
File G:\My Drive\venvs\django-webapp\lib\site-packages\django\db\migrations\operations\__init__.py first seen with mtime 1711653166.281
File G:\My Drive\venvs\django-webapp\lib\site-packages\colorama\winterm.py first seen with mtime 1721299540.206
File G:\My Drive\venvs\django-webapp\lib\site-packages\django\utils\deconstruct.py first seen with mtime 1711653177.632
File G:\My Drive\venvs\django-webapp\lib\site-packages\sqlparse\__init__.py first seen with mtime 1711652916.381
File G:\My Drive\venvs\django-webapp\lib\site-packages\django\core\checks\urls.py first seen with mtime 1711653160.007
File G:\My Drive\venvs\django-webapp\lib\site-packages\django\db\migrations\migration.py first seen with mtime 1711653165.958
File C:\Users\agurtubayr001\AppData\Local\Programs\Python\Python39\Lib\ipaddress.py first seen with mtime 1652798710.0
File C:\Users\agurtubayr001\AppData\Local\Programs\Python\Python39\Lib\zoneinfo\_tzpath.py first seen with mtime 1652798712.0
File C:\Users\agurtubayr001\AppData\Local\Programs\Python\Python39\Lib\email\message.py first seen with mtime 1652798710.0
File G:\My Drive\venvs\django-webapp\lib\site-packages\django\urls\utils.py first seen with mtime 1711653176.999
File C:\Users\agurtubayr001\AppData\Local\Programs\Python\Python39\Lib\html\entities.py first seen with mtime 1652798710.0
File C:\Users\agurtubayr001\AppData\Local\Programs\Python\Python39\Lib\email\contentmanager.py first seen with mtime 1652798710.0
File G:\My Drive\venvs\django-webapp\lib\site-packages\django\contrib\staticfiles\utils.py first seen with mtime 1711653158.36
File G:\My Drive\venvs\django-webapp\lib\site-packages\django\template\defaulttags.py first seen with mtime 1711653175.163
File G:\My Drive\venvs\django-webapp\lib\site-packages\django\utils\safestring.py first seen with mtime 1711653178.375
File G:\My Drive\PorraF1\website\f1porra_website\apps\public\views.py first seen with mtime 1723566584.64
File G:\My Drive\venvs\django-webapp\lib\site-packages\django\contrib\staticfiles\management\commands\runserver.py first seen with mtime 1711653158.583
File G:\My Drive\venvs\django-webapp\lib\site-packages\django\template\context.py first seen with mtime 1711653175.065
File G:\My Drive\venvs\django-webapp\lib\site-packages\django\template\backends\base.py first seen with mtime 1711653175.566
File G:\My Drive\venvs\django-webapp\lib\site-packages\django\contrib\staticfiles\apps.py first seen with mtime 1711653158.113
File C:\Users\agurtubayr001\AppData\Local\Programs\Python\Python39\Lib\stat.py first seen with mtime 1652798710.0
File G:\My Drive\venvs\django-webapp\lib\site-packages\django\utils\hashable.py first seen with mtime 1711653177.916
File G:\My Drive\venvs\django-webapp\lib\site-packages\django\db\backends\base\base.py first seen with mtime 1711653163.919
File G:\My Drive\venvs\django-webapp\lib\site-packages\sqlparse\cli.py first seen with mtime 1711652916.978
File C:\Users\agurtubayr001\AppData\Local\Programs\Python\Python39\Lib\email\policy.py first seen with mtime 1652798710.0
File G:\My Drive\venvs\django-webapp\lib\site-packages\django\contrib\auth\apps.py first seen with mtime 1711653030.976
File C:\Users\agurtubayr001\AppData\Local\Programs\Python\Python39\Lib\urllib\parse.py first seen with mtime 1652798712.0
File C:\Users\agurtubayr001\AppData\Local\Programs\Python\Python39\Lib\random.py first seen with mtime 1652798710.0
File G:\My Drive\venvs\django-webapp\lib\site-packages\django\utils\inspect.py first seen with mtime 1711653178.046
File G:\My Drive\venvs\django-webapp\lib\site-packages\psycopg2\_json.py first seen with mtime 1723571634.166
File C:\Users\agurtubayr001\AppData\Local\Programs\Python\Python39\Lib\wsgiref\simple_server.py first seen with mtime 1652798712.0
File G:\My Drive\venvs\django-webapp\lib\site-packages\django\contrib\admin\models.py first seen with mtime 1711652982.043
File G:\My Drive\venvs\django-webapp\lib\site-packages\django\middleware\common.py first seen with mtime 1711653174.722
File C:\Users\agurtubayr001\AppData\Local\Programs\Python\Python39\DLLs\_uuid.pyd first seen with mtime 1652798762.0
File C:\Users\agurtubayr001\AppData\Local\Programs\Python\Python39\Lib\operator.py first seen with mtime 1652798710.0
File G:\My Drive\venvs\django-webapp\lib\site-packages\sqlparse\engine\statement_splitter.py first seen with mtime 1711652920.956
File C:\Users\agurtubayr001\AppData\Local\Programs\Python\Python39\Lib\site.py first seen with mtime 1652798710.0
File G:\My Drive\venvs\django-webapp\lib\site-packages\django\utils\version.py first seen with mtime 1711653178.801
File G:\My Drive\PorraF1\website\f1porra_website\apps\accounts\signals.py first seen with mtime 1723047913.118
File G:\My Drive\venvs\django-webapp\lib\site-packages\django\contrib\auth\base_user.py first seen with mtime 1711653031.048
File G:\My Drive\venvs\django-webapp\lib\site-packages\django\forms\fields.py first seen with mtime 1711653170.258
File G:\My Drive\venvs\django-webapp\lib\site-packages\django\db\models\functions\text.py first seen with mtime 1711653167.929
File G:\My Drive\venvs\django-webapp\lib\site-packages\django\core\management\commands\runserver.py first seen with mtime 1711653162.457
File G:\My Drive\venvs\django-webapp\lib\site-packages\django\core\files\move.py first seen with mtime 1711653160.489
File G:\My Drive\venvs\django-webapp\lib\site-packages\django\core\paginator.py first seen with mtime 1711653158.874
File G:\My Drive\venvs\django-webapp\lib\site-packages\django\views\decorators\debug.py first seen with mtime 1711653179.629
File G:\My Drive\venvs\django-webapp\lib\site-packages\django\core\checks\registry.py first seen with mtime 1711653159.9
File C:\Users\agurtubayr001\AppData\Local\Programs\Python\Python39\Lib\email\errors.py first seen with mtime 1652798710.0
File C:\Users\agurtubayr001\AppData\Local\Programs\Python\Python39\Lib\platform.py first seen with mtime 1652798710.0
File G:\My Drive\venvs\django-webapp\lib\site-packages\django\utils\regex_helper.py first seen with mtime 1711653178.335
File C:\Users\agurtubayr001\AppData\Local\Programs\Python\Python39\Lib\concurrent\futures\__init__.py first seen with mtime 1652798710.0
File C:\Users\agurtubayr001\AppData\Local\Programs\Python\Python39\Lib\asyncio\base_futures.py first seen with mtime 1652798710.0
File G:\My Drive\venvs\django-webapp\lib\site-packages\django\contrib\sessions\models.py first seen with mtime 1711653129.102
File G:\My Drive\venvs\django-webapp\lib\site-packages\django\views\__init__.py first seen with mtime 1711653179.102
File G:\My Drive\PorraF1\website\f1porra_website\apps\public\apps.py first seen with mtime 1711991821.713
File G:\My Drive\venvs\django-webapp\lib\site-packages\django\core\checks\security\__init__.py first seen with mtime 1711653160.124
File G:\My Drive\venvs\django-webapp\lib\site-packages\django\contrib\messages\storage\__init__.py first seen with mtime 1711653101.486
File C:\Users\agurtubayr001\AppData\Local\Programs\Python\Python39\Lib\genericpath.py first seen with mtime 1652798710.0
File G:\My Drive\venvs\django-webapp\lib\site-packages\django\contrib\messages\api.py first seen with mtime 1711653101.031
File C:\Users\agurtubayr001\AppData\Local\Programs\Python\Python39\DLLs\_asyncio.pyd first seen with mtime 1652798762.0
File G:\My Drive\venvs\django-webapp\lib\site-packages\colorama\ansi.py first seen with mtime 1721299540.129
File G:\My Drive\venvs\django-webapp\lib\site-packages\django\urls\base.py first seen with mtime 1711653176.832
File G:\My Drive\venvs\django-webapp\lib\site-packages\django\contrib\auth\decorators.py first seen with mtime 1711653031.188
File G:\My Drive\venvs\django-webapp\lib\site-packages\django\core\cache\__init__.py first seen with mtime 1711653159.069
File G:\My Drive\venvs\django-webapp\lib\site-packages\django\core\serializers\python.py first seen with mtime 1711653163.251
File G:\My Drive\venvs\django-webapp\lib\site-packages\PIL\__init__.py first seen with mtime 1723048399.387
File G:\My Drive\venvs\django-webapp\lib\site-packages\django\contrib\sessions\exceptions.py first seen with mtime 1711653129.039
File G:\My Drive\venvs\django-webapp\lib\site-packages\django\middleware\cache.py first seen with mtime 1711653174.658
File C:\Users\agurtubayr001\AppData\Local\Programs\Python\Python39\Lib\fnmatch.py first seen with mtime 1652798710.0
File C:\Users\agurtubayr001\AppData\Local\Programs\Python\Python39\DLLs\_bz2.pyd first seen with mtime 1652798772.0
File G:\My Drive\venvs\django-webapp\lib\site-packages\django\core\mail\utils.py first seen with mtime 1711653161.246
File C:\Users\agurtubayr001\AppData\Local\Programs\Python\Python39\Lib\enum.py first seen with mtime 1652798710.0
File G:\My Drive\venvs\django-webapp\lib\site-packages\django\core\files\temp.py first seen with mtime 1711653160.526
File C:\Users\agurtubayr001\AppData\Local\Programs\Python\Python39\Lib\__future__.py first seen with mtime 1652798710.0
File G:\My Drive\venvs\django-webapp\lib\site-packages\django\utils\translation\trans_real.py first seen with mtime 1711653179.044
File C:\Users\agurtubayr001\AppData\Local\Programs\Python\Python39\Lib\json\encoder.py first seen with mtime 1652798710.0
File C:\Users\agurtubayr001\AppData\Local\Programs\Python\Python39\Lib\quopri.py first seen with mtime 1652798710.0
File G:\My Drive\venvs\django-webapp\lib\site-packages\django\contrib\auth\management\__init__.py first seen with mtime 1711653043.002
File G:\My Drive\venvs\django-webapp\lib\site-packages\django\contrib\admin\widgets.py first seen with mtime 1711652982.328
File G:\My Drive\venvs\django-webapp\lib\site-packages\django\template\autoreload.py first seen with mtime 1711653175.0
File G:\My Drive\venvs\django-webapp\lib\site-packages\django\db\models\aggregates.py first seen with mtime 1711653166.673
File G:\My Drive\venvs\django-webapp\lib\site-packages\django\template\response.py first seen with mtime 1711653175.355
File G:\My Drive\venvs\django-webapp\lib\site-packages\pytz\tzfile.py first seen with mtime 1713093338.594
File G:\My Drive\venvs\django-webapp\lib\site-packages\django\contrib\messages\storage\base.py first seen with mtime 1711653101.52
File G:\My Drive\venvs\django-webapp\lib\site-packages\django\db\models\sql\constants.py first seen with mtime 1711653168.119
File G:\My Drive\venvs\django-webapp\lib\site-packages\django\core\handlers\exception.py first seen with mtime 1711653161.005
File C:\Users\agurtubayr001\AppData\Local\Programs\Python\Python39\Lib\email\mime\multipart.py first seen with mtime 1652798710.0
File C:\Users\agurtubayr001\AppData\Local\Programs\Python\Python39\Lib\asyncio\coroutines.py first seen with mtime 1652798710.0
File G:\My Drive\venvs\django-webapp\lib\site-packages\django\core\management\color.py first seen with mtime 1711653161.696
File C:\Users\agurtubayr001\AppData\Local\Programs\Python\Python39\Lib\logging\handlers.py first seen with mtime 1652798710.0
File G:\My Drive\venvs\django-webapp\lib\site-packages\django\core\servers\basehttp.py first seen with mtime 1711653163.406
File G:\My Drive\venvs\django-webapp\lib\site-packages\django\contrib\contenttypes\management\__init__.py first seen with mtime 1711653056.216
File G:\My Drive\venvs\django-webapp\lib\site-packages\django\forms\__init__.py first seen with mtime 1711653168.447
File C:\Users\agurtubayr001\AppData\Local\Programs\Python\Python39\Lib\glob.py first seen with mtime 1652798710.0
File C:\Users\agurtubayr001\AppData\Local\Programs\Python\Python39\Lib\email\_policybase.py first seen with mtime 1652798710.0
File C:\Users\agurtubayr001\AppData\Local\Programs\Python\Python39\DLLs\_queue.pyd first seen with mtime 1652798762.0
File G:\My Drive\venvs\django-webapp\lib\site-packages\django\utils\connection.py first seen with mtime 1711653177.4
File G:\My Drive\venvs\django-webapp\lib\site-packages\django\core\files\storage\memory.py first seen with mtime 1711653160.825
File C:\Users\agurtubayr001\AppData\Local\Programs\Python\Python39\Lib\_weakrefset.py first seen with mtime 1652798710.0
File C:\Users\agurtubayr001\AppData\Local\Programs\Python\Python39\Lib\tempfile.py first seen with mtime 1652798710.0
File G:\My Drive\venvs\django-webapp\lib\site-packages\django\db\backends\postgresql\schema.py first seen with mtime 1711653165.355
File C:\Users\agurtubayr001\AppData\Local\Programs\Python\Python39\DLLs\_ssl.pyd first seen with mtime 1652798762.0
File G:\My Drive\venvs\django-webapp\lib\site-packages\django\db\models\sql\query.py first seen with mtime 1711653168.193
File G:\My Drive\venvs\django-webapp\lib\site-packages\django\contrib\contenttypes\views.py first seen with mtime 1711653044.081
File C:\Users\agurtubayr001\AppData\Local\Programs\Python\Python39\Lib\asyncio\locks.py first seen with mtime 1652798710.0
File G:\My Drive\venvs\django-webapp\lib\site-packages\django\db\models\__init__.py first seen with mtime 1711653166.64
File C:\Users\agurtubayr001\AppData\Local\Programs\Python\Python39\Lib\email\headerregistry.py first seen with mtime 1652798710.0
File C:\Users\agurtubayr001\AppData\Local\Programs\Python\Python39\Lib\socketserver.py first seen with mtime 1652798710.0
File C:\Users\agurtubayr001\AppData\Local\Programs\Python\Python39\Lib\asyncio\selector_events.py first seen with mtime 1652798710.0
File G:\My Drive\venvs\django-webapp\lib\site-packages\django\contrib\staticfiles\finders.py first seen with mtime 1711653158.176
File G:\My Drive\venvs\django-webapp\lib\site-packages\django\utils\timesince.py first seen with mtime 1711653178.62
File C:\Users\agurtubayr001\AppData\Local\Programs\Python\Python39\Lib\keyword.py first seen with mtime 1652798710.0
File G:\My Drive\venvs\django-webapp\lib\site-packages\django\db\backends\postgresql\introspection.py first seen with mtime 1711653165.257
File G:\My Drive\venvs\django-webapp\lib\site-packages\django\core\checks\messages.py first seen with mtime 1711653159.808
File G:\My Drive\venvs\django-webapp\lib\site-packages\django\core\files\storage\filesystem.py first seen with mtime 1711653160.751
File C:\Users\agurtubayr001\AppData\Local\Programs\Python\Python39\Lib\email\mime\message.py first seen with mtime 1652798710.0
File G:\My Drive\venvs\django-webapp\lib\site-packages\django\db\models\fields\mixins.py first seen with mtime 1711653167.387
File G:\My Drive\venvs\django-webapp\lib\site-packages\django\contrib\contenttypes\checks.py first seen with mtime 1711653043.896
File C:\Users\agurtubayr001\AppData\Local\Programs\Python\Python39\Lib\decimal.py first seen with mtime 1652798710.0
File G:\My Drive\venvs\django-webapp\lib\site-packages\django\templatetags\static.py first seen with mtime 1711653176.204
File C:\Users\agurtubayr001\AppData\Local\Programs\Python\Python39\Lib\email\feedparser.py first seen with mtime 1652798710.0
File C:\Users\agurtubayr001\AppData\Local\Programs\Python\Python39\Lib\threading.py first seen with mtime 1652798712.0
File G:\My Drive\venvs\django-webapp\lib\site-packages\django\utils\termcolors.py first seen with mtime 1711653178.536
File G:\My Drive\PorraF1\website\f1porra_website\apps\accounts\__init__.py first seen with mtime 1711989313.538
File G:\My Drive\venvs\django-webapp\lib\site-packages\django\db\models\fields\reverse_related.py first seen with mtime 1711653167.642
File G:\My Drive\venvs\django-webapp\lib\site-packages\django\template\loaders\filesystem.py first seen with mtime 1711653175.992
File G:\My Drive\venvs\django-webapp\lib\site-packages\django\db\migrations\operations\fields.py first seen with mtime 1711653166.346
File C:\Users\agurtubayr001\AppData\Local\Programs\Python\Python39\Lib\importlib\abc.py first seen with mtime 1652798710.0
File G:\My Drive\venvs\django-webapp\lib\site-packages\django\conf\urls\static.py first seen with mtime 1711652981.51
File C:\Users\agurtubayr001\AppData\Local\Programs\Python\Python39\Lib\html\__init__.py first seen with mtime 1652798710.0
File C:\Users\agurtubayr001\AppData\Local\Programs\Python\Python39\Lib\dis.py first seen with mtime 1652798710.0
File C:\Users\agurtubayr001\AppData\Local\Programs\Python\Python39\Lib\sysconfig.py first seen with mtime 1652798710.0
File G:\My Drive\venvs\django-webapp\lib\site-packages\django\db\models\fields\__init__.py first seen with mtime 1711653167.275
File G:\My Drive\venvs\django-webapp\lib\site-packages\django\templatetags\i18n.py first seen with mtime 1711653176.138
File C:\Users\agurtubayr001\AppData\Local\Programs\Python\Python39\Lib\asyncio\base_tasks.py first seen with mtime 1652798710.0
File G:\My Drive\venvs\django-webapp\lib\site-packages\django\core\handlers\asgi.py first seen with mtime 1711653160.94
File G:\My Drive\venvs\django-webapp\lib\site-packages\django\__init__.py first seen with mtime 1711652958.624
File G:\My Drive\venvs\django-webapp\lib\site-packages\django\template\smartif.py first seen with mtime 1711653175.389
File C:\Users\agurtubayr001\AppData\Local\Programs\Python\Python39\Lib\gettext.py first seen with mtime 1652798710.0
File G:\My Drive\venvs\django-webapp\lib\site-packages\django\views\generic\__init__.py first seen with mtime 1711653179.782
File G:\My Drive\venvs\django-webapp\lib\site-packages\django\db\models\deletion.py first seen with mtime 1711653166.804
File G:\My Drive\venvs\django-webapp\lib\site-packages\django\db\backends\ddl_references.py first seen with mtime 1711653163.674
File G:\My Drive\venvs\django-webapp\lib\site-packages\django\db\backends\base\schema.py first seen with mtime 1711653164.123
File G:\My Drive\venvs\django-webapp\lib\site-packages\django\contrib\admin\views\main.py first seen with mtime 1711653016.81
File G:\My Drive\venvs\django-webapp\lib\site-packages\django\views\generic\edit.py first seen with mtime 1711653179.91
File G:\My Drive\venvs\django-webapp\lib\site-packages\django\utils\translation\reloader.py first seen with mtime 1711653178.942
File G:\My Drive\venvs\django-webapp\lib\site-packages\django\contrib\sessions\backends\__init__.py first seen with mtime 1711653129.181
File G:\My Drive\venvs\django-webapp\lib\site-packages\django\db\backends\base\introspection.py first seen with mtime 1711653164.052
File C:\Users\agurtubayr001\AppData\Local\Programs\Python\Python39\Lib\os.py first seen with mtime 1652798710.0
File G:\My Drive\venvs\django-webapp\lib\site-packages\django\contrib\staticfiles\management\__init__.py first seen with mtime 1711653158.434
File G:\My Drive\venvs\django-webapp\lib\site-packages\django\utils\translation\__init__.py first seen with mtime 1711653178.899
File G:\My Drive\venvs\django-webapp\lib\site-packages\django\core\files\locks.py first seen with mtime 1711653160.389
File G:\My Drive\venvs\django-webapp\lib\site-packages\django\views\static.py first seen with mtime 1711653179.291
File C:\Users\agurtubayr001\AppData\Local\Programs\Python\Python39\DLLs\_zoneinfo.pyd first seen with mtime 1652798762.0
File G:\My Drive\venvs\django-webapp\lib\site-packages\django\contrib\messages\utils.py first seen with mtime 1711653101.394
File G:\My Drive\venvs\django-webapp\lib\site-packages\django\contrib\staticfiles\views.py first seen with mtime 1711653158.392
File G:\My Drive\venvs\django-webapp\lib\site-packages\django\utils\dates.py first seen with mtime 1711653177.567
File C:\Users\agurtubayr001\AppData\Local\Programs\Python\Python39\Lib\email\header.py first seen with mtime 1652798710.0
File G:\My Drive\venvs\django-webapp\lib\site-packages\django\utils\lorem_ipsum.py first seen with mtime 1711653178.215
File G:\My Drive\venvs\django-webapp\lib\site-packages\django\utils\crypto.py first seen with mtime 1711653177.433
File G:\My Drive\venvs\django-webapp\lib\site-packages\django\contrib\auth\middleware.py first seen with mtime 1711653031.304
File G:\My Drive\venvs\django-webapp\lib\site-packages\sqlparse\utils.py first seen with mtime 1711652919.167
File G:\My Drive\venvs\django-webapp\lib\site-packages\django\contrib\messages\apps.py first seen with mtime 1711653101.067
File G:\My Drive\venvs\django-webapp\lib\site-packages\django\utils\numberformat.py first seen with mtime 1711653178.297
File G:\My Drive\venvs\django-webapp\lib\site-packages\django\contrib\admin\filters.py first seen with mtime 1711652981.885
File G:\My Drive\venvs\django-webapp\lib\site-packages\pytz\__init__.py first seen with mtime 1713093338.541
File C:\Users\agurtubayr001\AppData\Local\Programs\Python\Python39\Lib\socket.py first seen with mtime 1652798710.0
File G:\My Drive\venvs\django-webapp\lib\site-packages\django\utils\topological_sort.py first seen with mtime 1711653178.692
File C:\Users\agurtubayr001\AppData\Local\Programs\Python\Python39\Lib\asyncio\windows_utils.py first seen with mtime 1652798710.0
File G:\My Drive\venvs\django-webapp\lib\site-packages\colorama\ansitowin32.py first seen with mtime 1721299540.147
File C:\Users\agurtubayr001\AppData\Local\Programs\Python\Python39\Lib\logging\config.py first seen with mtime 1652798710.0
File C:\Users\agurtubayr001\AppData\Local\Programs\Python\Python39\Lib\asyncio\exceptions.py first seen with mtime 1652798710.0
File C:\Users\agurtubayr001\AppData\Local\Programs\Python\Python39\Lib\asyncio\sslproto.py first seen with mtime 1652798710.0
File G:\My Drive\venvs\django-webapp\lib\site-packages\django\core\files\storage\base.py first seen with mtime 1711653160.72
File G:\My Drive\venvs\django-webapp\lib\site-packages\django\contrib\contenttypes\admin.py first seen with mtime 1711653043.793
File G:\My Drive\PorraF1\website\f1porra_website\apps\accounts\forms.py first seen with mtime 1723046657.211
File G:\My Drive\venvs\django-webapp\lib\site-packages\django\db\models\fields\related.py first seen with mtime 1711653167.529
File G:\My Drive\venvs\django-webapp\lib\site-packages\django\utils\module_loading.py first seen with mtime 1711653178.256
File G:\My Drive\venvs\django-webapp\lib\site-packages\django\template\engine.py first seen with mtime 1711653175.193
File G:\My Drive\venvs\django-webapp\lib\site-packages\django\core\checks\__init__.py first seen with mtime 1711653159.47
File G:\My Drive\venvs\django-webapp\lib\site-packages\django\utils\formats.py first seen with mtime 1711653177.847
File G:\My Drive\venvs\django-webapp\lib\site-packages\django\contrib\sessions\backends\base.py first seen with mtime 1711653129.216
File C:\Users\agurtubayr001\AppData\Local\Programs\Python\Python39\Lib\hmac.py first seen with mtime 1652798710.0
File G:\My Drive\venvs\django-webapp\lib\site-packages\sqlparse\filters\aligned_indent.py first seen with mtime 1711652921.57
File G:\My Drive\venvs\django-webapp\lib\site-packages\django\contrib\auth\validators.py first seen with mtime 1711653031.559
File G:\My Drive\venvs\django-webapp\lib\site-packages\django\template\loaders\base.py first seen with mtime 1711653175.914
File C:\Users\agurtubayr001\AppData\Local\Programs\Python\Python39\DLLs\_ctypes.pyd first seen with mtime 1652798762.0
File C:\Users\agurtubayr001\AppData\Local\Programs\Python\Python39\Lib\email\__init__.py first seen with mtime 1652798710.0
File G:\My Drive\venvs\django-webapp\lib\site-packages\django\core\handlers\wsgi.py first seen with mtime 1711653161.041
File G:\My Drive\venvs\django-webapp\lib\site-packages\django\utils\datastructures.py first seen with mtime 1711653177.465
File C:\Users\agurtubayr001\AppData\Local\Programs\Python\Python39\Lib\pathlib.py first seen with mtime 1652798710.0
File C:\Users\agurtubayr001\AppData\Local\Programs\Python\Python39\Lib\urllib\__init__.py first seen with mtime 1652798712.0
File C:\Users\agurtubayr001\AppData\Local\Programs\Python\Python39\Lib\asyncio\__init__.py first seen with mtime 1652798710.0
File G:\My Drive\venvs\django-webapp\lib\site-packages\django\db\migrations\__init__.py first seen with mtime 1711653165.754
File G:\My Drive\venvs\django-webapp\lib\site-packages\django\core\files\uploadedfile.py first seen with mtime 1711653160.56
File G:\My Drive\venvs\django-webapp\lib\site-packages\django\contrib\messages\constants.py first seen with mtime 1711653101.236
File G:\My Drive\venvs\django-webapp\lib\site-packages\django\contrib\sites\requests.py first seen with mtime 1711653143.09
File G:\My Drive\venvs\django-webapp\lib\site-packages\django\http\multipartparser.py first seen with mtime 1711653174.524
File G:\My Drive\venvs\django-webapp\lib\site-packages\django\db\models\signals.py first seen with mtime 1711653167.18
File G:\My Drive\venvs\django-webapp\lib\site-packages\django\contrib\admin\templatetags\log.py first seen with mtime 1711653016.661
File G:\My Drive\venvs\django-webapp\lib\site-packages\django\db\backends\postgresql\client.py first seen with mtime 1711653165.157
File C:\Users\agurtubayr001\AppData\Local\Programs\Python\Python39\Lib\heapq.py first seen with mtime 1652798710.0
File G:\My Drive\venvs\django-webapp\lib\site-packages\django\templatetags\l10n.py first seen with mtime 1711653176.171
File G:\My Drive\venvs\django-webapp\lib\site-packages\django\core\serializers\__init__.py first seen with mtime 1711653163.003
File C:\Users\agurtubayr001\AppData\Local\Programs\Python\Python39\Lib\email\charset.py first seen with mtime 1652798710.0
File C:\Users\agurtubayr001\AppData\Local\Programs\Python\Python39\Lib\email\iterators.py first seen with mtime 1652798710.0
File C:\Users\agurtubayr001\AppData\Local\Programs\Python\Python39\Lib\encodings\utf_8.py first seen with mtime 1652798710.0
File C:\Users\agurtubayr001\AppData\Local\Programs\Python\Python39\Lib\asyncio\runners.py first seen with mtime 1652798710.0
File G:\My Drive\venvs\django-webapp\lib\site-packages\sqlparse\engine\filter_stack.py first seen with mtime 1711652919.995
File G:\My Drive\venvs\django-webapp\lib\site-packages\django\contrib\auth\models.py first seen with mtime 1711653031.365
File G:\My Drive\venvs\django-webapp\lib\site-packages\django\db\migrations\operations\special.py first seen with mtime 1711653166.543
File C:\Users\agurtubayr001\AppData\Local\Programs\Python\Python39\Lib\_sitebuiltins.py first seen with mtime 1652798710.0
File C:\Users\agurtubayr001\AppData\Local\Programs\Python\Python39\Lib\gzip.py first seen with mtime 1652798710.0
File G:\My Drive\venvs\django-webapp\lib\site-packages\sqlparse\formatter.py first seen with mtime 1711652918.05
File G:\My Drive\venvs\django-webapp\lib\site-packages\django\db\models\functions\mixins.py first seen with mtime 1711653167.891
File C:\Users\agurtubayr001\AppData\Local\Programs\Python\Python39\Lib\ctypes\wintypes.py first seen with mtime 1652798710.0
File C:\Users\agurtubayr001\AppData\Local\Programs\Python\Python39\Lib\asyncio\windows_events.py first seen with mtime 1652798710.0
File G:\My Drive\venvs\django-webapp\lib\site-packages\django\utils\html.py first seen with mtime 1711653177.979
File C:\Users\agurtubayr001\AppData\Local\Programs\Python\Python39\Lib\ctypes\__init__.py first seen with mtime 1652798710.0
File G:\My Drive\venvs\django-webapp\lib\site-packages\django\core\management\__init__.py first seen with mtime 1711653161.628
File G:\My Drive\venvs\django-webapp\lib\site-packages\django\core\handlers\__init__.py first seen with mtime 1711653160.902
File G:\My Drive\venvs\django-webapp\lib\site-packages\django\db\models\query_utils.py first seen with mtime 1711653167.144
File G:\My Drive\venvs\django-webapp\lib\site-packages\django\db\migrations\operations\base.py first seen with mtime 1711653166.313
File C:\Users\agurtubayr001\AppData\Local\Programs\Python\Python39\Lib\encodings\aliases.py first seen with mtime 1652798710.0
File G:\My Drive\PorraF1\website\f1porra_website\apps\public\templatetags\__init__.py first seen with mtime 1721384717.331
File C:\Users\agurtubayr001\AppData\Local\Programs\Python\Python39\Lib\asyncio\staggered.py first seen with mtime 1652798710.0
File G:\My Drive\PorraF1\website\f1porra_website\apps\public\templatetags\custom_filters.py first seen with mtime 1721385341.793
File G:\My Drive\venvs\django-webapp\lib\site-packages\django\dispatch\__init__.py first seen with mtime 1711653168.324
File G:\My Drive\venvs\django-webapp\lib\site-packages\django\core\cache\utils.py first seen with mtime 1711653159.105
File G:\My Drive\venvs\django-webapp\lib\site-packages\django\contrib\auth\admin.py first seen with mtime 1711653030.946
File G:\My Drive\PorraF1\website\f1porra_website\templates\base.html first seen with mtime 1723391170.027
File G:\My Drive\PorraF1\website\f1porra_website\templates\home.html first seen with mtime 1723110869.104
File G:\My Drive\PorraF1\website\f1porra_website\templates\rules.html first seen with mtime 1711722987.753
File G:\My Drive\PorraF1\website\f1porra_website\templates\standings.html first seen with mtime 1723486505.458
File G:\My Drive\PorraF1\website\f1porra_website\templates\prices.html first seen with mtime 1711746584.728
File G:\My Drive\PorraF1\website\f1porra_website\templates\statistics.html first seen with mtime 1711746665.266
File G:\My Drive\PorraF1\website\f1porra_website\templates\accounts first seen with mtime 1723188444.815
File G:\My Drive\PorraF1\website\f1porra_website\templates\team.html first seen with mtime 1723110875.238
File G:\My Drive\PorraF1\website\f1porra_website\templates\view_team.html first seen with mtime 1723565497.449
File G:\My Drive\PorraF1\website\f1porra_website\templates\accounts\login.html first seen with mtime 1723030960.937
File G:\My Drive\PorraF1\website\f1porra_website\templates\accounts\profile.html first seen with mtime 1723188444.81
File G:\My Drive\PorraF1\website\f1porra_website\templates\accounts\password_reset_form.html first seen with mtime 1723030247.727
File G:\My Drive\PorraF1\website\f1porra_website\templates\accounts\password_reset_done.html first seen with mtime 1722791577.402
File G:\My Drive\PorraF1\website\f1porra_website\templates\accounts\password_reset_confirm.html first seen with mtime 1722792018.7
File G:\My Drive\PorraF1\website\f1porra_website\templates\accounts\password_reset_complete.html first seen with mtime 1722791760.592
File G:\My Drive\venvs\django-webapp\lib\site-packages\PIL\ExifTags.py first seen with mtime 1723048397.04
File G:\My Drive\venvs\django-webapp\lib\site-packages\numpy\dtypes.py first seen with mtime 1713093349.464
File G:\My Drive\venvs\django-webapp\lib\site-packages\numpy\_pytesttester.py first seen with mtime 1713093349.592
File G:\My Drive\venvs\django-webapp\lib\site-packages\numpy\_typing\_array_like.py first seen with mtime 1713093368.606
File G:\My Drive\venvs\django-webapp\lib\site-packages\numpy\core\function_base.py first seen with mtime 1713093350.492
File G:\My Drive\venvs\django-webapp\lib\site-packages\numpy\core\_ufunc_config.py first seen with mtime 1713093351.277
File G:\My Drive\venvs\django-webapp\lib\site-packages\PIL\ImageMode.py first seen with mtime 1723048397.84
File G:\My Drive\venvs\django-webapp\lib\site-packages\numpy\core\arrayprint.py first seen with mtime 1713093350.334
File G:\My Drive\venvs\django-webapp\lib\site-packages\numpy\core\_dtype_ctypes.py first seen with mtime 1713093350.884
File G:\My Drive\venvs\django-webapp\lib\site-packages\numpy\exceptions.py first seen with mtime 1713093349.492
File G:\My Drive\venvs\django-webapp\lib\site-packages\numpy\core\shape_base.py first seen with mtime 1713093350.755
File G:\My Drive\venvs\django-webapp\lib\site-packages\numpy\core\getlimits.py first seen with mtime 1713093350.524
File G:\My Drive\venvs\django-webapp\lib\site-packages\numpy\_typing\_nested_sequence.py first seen with mtime 1713093368.772
File G:\My Drive\venvs\django-webapp\lib\site-packages\numpy\core\overrides.py first seen with mtime 1713093350.713
File G:\My Drive\venvs\django-webapp\lib\site-packages\numpy\core\_type_aliases.py first seen with mtime 1713093351.245
File G:\My Drive\venvs\django-webapp\lib\site-packages\numpy\core\_internal.py first seen with mtime 1713093350.914
File G:\My Drive\venvs\django-webapp\lib\site-packages\numpy\_typing\_scalars.py first seen with mtime 1713093368.789
File G:\My Drive\venvs\django-webapp\lib\site-packages\numpy\lib\scimath.py first seen with mtime 1713093361.073
File G:\My Drive\venvs\django-webapp\lib\site-packages\numpy\lib\stride_tricks.py first seen with mtime 1713093361.156
File G:\My Drive\venvs\django-webapp\lib\site-packages\numpy\_typing\_shape.py first seen with mtime 1713093368.805
File G:\My Drive\venvs\django-webapp\lib\site-packages\numpy\core\_asarray.py first seen with mtime 1713093350.841
File G:\My Drive\venvs\django-webapp\lib\site-packages\numpy\core\_methods.py first seen with mtime 1713093350.956
File G:\My Drive\venvs\django-webapp\lib\site-packages\numpy\linalg\linalg.py first seen with mtime 1713093361.985
File G:\My Drive\venvs\django-webapp\lib\site-packages\numpy\matrixlib\defmatrix.py first seen with mtime 1713093362.698
File G:\My Drive\venvs\django-webapp\lib\site-packages\numpy\lib\twodim_base.py first seen with mtime 1713093361.186
File G:\My Drive\venvs\django-webapp\lib\site-packages\numpy\core\_exceptions.py first seen with mtime 1713093350.899
File G:\My Drive\venvs\django-webapp\lib\site-packages\numpy\core\_multiarray_umath.cp39-win_amd64.pyd first seen with mtime 1713093351.054
File G:\My Drive\venvs\django-webapp\lib\site-packages\numpy\core\einsumfunc.py first seen with mtime 1713093350.429
File G:\My Drive\venvs\django-webapp\lib\site-packages\numpy\version.py first seen with mtime 1713093349.553
File G:\My Drive\venvs\django-webapp\lib\site-packages\numpy\__config__.py first seen with mtime 1713093349.623
File G:\My Drive\venvs\django-webapp\lib\site-packages\PIL\_typing.py first seen with mtime 1723048399.905
File G:\My Drive\venvs\django-webapp\lib\site-packages\numpy\core\_dtype.py first seen with mtime 1713093350.869
File G:\My Drive\venvs\django-webapp\lib\site-packages\numpy\_utils\_convertions.py first seen with mtime 1713093368.872
File G:\My Drive\venvs\django-webapp\lib\site-packages\numpy\core\_add_newdocs.py first seen with mtime 1713093350.814
File G:\My Drive\venvs\django-webapp\lib\site-packages\numpy\core\_multiarray_tests.cp39-win_amd64.pyd first seen with mtime 1713093350.998
File G:\My Drive\venvs\django-webapp\lib\site-packages\PIL\_deprecate.py first seen with mtime 1723048399.468
File G:\My Drive\venvs\django-webapp\lib\site-packages\PIL\Image.py first seen with mtime 1723048397.471
File G:\My Drive\venvs\django-webapp\lib\site-packages\numpy\core\defchararray.py first seen with mtime 1713093350.39
File G:\My Drive\venvs\django-webapp\lib\site-packages\numpy\linalg\_umath_linalg.cp39-win_amd64.pyd first seen with mtime 1713093362.037
File G:\My Drive\venvs\django-webapp\lib\site-packages\numpy\_utils\_inspect.py first seen with mtime 1713093368.886
File G:\My Drive\venvs\django-webapp\lib\site-packages\numpy\__init__.py first seen with mtime 1713093349.67
File G:\My Drive\venvs\django-webapp\lib\site-packages\numpy\_typing\_dtype_like.py first seen with mtime 1713093368.703
File G:\My Drive\venvs\django-webapp\lib\site-packages\numpy\lib\type_check.py first seen with mtime 1713093361.213
File G:\My Drive\venvs\django-webapp\lib\site-packages\numpy\_utils\__init__.py first seen with mtime 1713093368.915
File G:\My Drive\venvs\django-webapp\lib\site-packages\numpy\core\_add_newdocs_scalars.py first seen with mtime 1713093350.829
File G:\My Drive\venvs\django-webapp\lib\site-packages\numpy\compat\__init__.py first seen with mtime 1713093350.249
File G:\My Drive\venvs\django-webapp\lib\site-packages\numpy\core\records.py first seen with mtime 1713093350.727
File G:\My Drive\venvs\django-webapp\lib\site-packages\numpy\core\_string_helpers.py first seen with mtime 1713093351.197
File G:\My Drive\venvs\django-webapp\lib\site-packages\numpy\compat\py3k.py first seen with mtime 1713093350.211
File G:\My Drive\venvs\django-webapp\lib\site-packages\numpy\core\multiarray.py first seen with mtime 1713093350.598
File G:\My Drive\venvs\django-webapp\lib\site-packages\numpy\_typing\_char_codes.py first seen with mtime 1713093368.677
File G:\My Drive\venvs\django-webapp\lib\site-packages\numpy\matrixlib\__init__.py first seen with mtime 1713093362.747
File G:\My Drive\venvs\django-webapp\lib\site-packages\numpy\lib\mixins.py first seen with mtime 1713093360.884
File G:\My Drive\venvs\django-webapp\lib\site-packages\numpy\lib\ufunclike.py first seen with mtime 1713093361.245
File G:\My Drive\venvs\django-webapp\lib\site-packages\numpy\_typing\__init__.py first seen with mtime 1713093368.845
File G:\My Drive\venvs\django-webapp\lib\site-packages\PIL\_binary.py first seen with mtime 1723048399.44
File G:\My Drive\venvs\django-webapp\lib\site-packages\numpy\_typing\_nbit.py first seen with mtime 1713093368.748
File G:\My Drive\venvs\django-webapp\lib\site-packages\numpy\core\__init__.py first seen with mtime 1713093351.332
File G:\My Drive\venvs\django-webapp\lib\site-packages\numpy\core\umath.py first seen with mtime 1713093350.783
File G:\My Drive\venvs\django-webapp\lib\site-packages\numpy\core\fromnumeric.py first seen with mtime 1713093350.463
File G:\My Drive\venvs\django-webapp\lib\site-packages\PIL\TiffTags.py first seen with mtime 1723048399.133
File G:\My Drive\venvs\django-webapp\lib\site-packages\numpy\core\numeric.py first seen with mtime 1713093350.634
File G:\My Drive\venvs\django-webapp\lib\site-packages\numpy\core\_machar.py first seen with mtime 1713093350.941
File G:\My Drive\venvs\django-webapp\lib\site-packages\PIL\_version.py first seen with mtime 1723048399.943
File G:\My Drive\venvs\django-webapp\lib\site-packages\numpy\core\memmap.py first seen with mtime 1713093350.559
File G:\My Drive\venvs\django-webapp\lib\site-packages\numpy\lib\index_tricks.py first seen with mtime 1713093360.834
File G:\My Drive\venvs\django-webapp\lib\site-packages\numpy\_globals.py first seen with mtime 1713093349.58
File G:\My Drive\venvs\django-webapp\lib\site-packages\numpy\linalg\__init__.py first seen with mtime 1713093362.049
File G:\My Drive\venvs\django-webapp\lib\site-packages\numpy\_distributor_init.py first seen with mtime 1713093349.567
File G:\My Drive\venvs\django-webapp\lib\site-packages\numpy\core\numerictypes.py first seen with mtime 1713093350.684
File G:\My Drive\venvs\django-webapp\lib\site-packages\numpy\lib\__init__.py first seen with mtime 1713093361.387
File G:\My Drive\venvs\django-webapp\lib\site-packages\numpy\lib\arraysetops.py first seen with mtime 1713093360.622
File G:\My Drive\venvs\django-webapp\lib\site-packages\cffi\error.py first seen with mtime 1722501139.665
File G:\My Drive\venvs\django-webapp\lib\site-packages\numpy\polynomial\legendre.py first seen with mtime 1713093363.132
File G:\My Drive\venvs\django-webapp\lib\site-packages\numpy\random\_generator.cp39-win_amd64.pyd first seen with mtime 1713093364.086
File G:\My Drive\venvs\django-webapp\lib\site-packages\numpy\lib\nanfunctions.py first seen with mtime 1713093360.924
File G:\My Drive\venvs\django-webapp\lib\site-packages\numpy\lib\_datasource.py first seen with mtime 1713093361.326
File G:\My Drive\venvs\django-webapp\lib\site-packages\numpy\ma\core.py first seen with mtime 1713093362.211
File G:\My Drive\venvs\django-webapp\lib\site-packages\numpy\random\_sfc64.cp39-win_amd64.pyd first seen with mtime 1713093364.331
File G:\My Drive\venvs\django-webapp\lib\site-packages\numpy\fft\_pocketfft_internal.cp39-win_amd64.pyd first seen with mtime 1713093360.507
File G:\My Drive\venvs\django-webapp\lib\site-packages\numpy\lib\histograms.py first seen with mtime 1713093360.786
File G:\My Drive\venvs\django-webapp\lib\site-packages\numpy\random\_pickle.py first seen with mtime 1713093364.288
File G:\My Drive\venvs\django-webapp\lib\site-packages\numpy\lib\_version.py first seen with mtime 1713093361.359
File G:\My Drive\venvs\django-webapp\lib\site-packages\numpy\lib\arraypad.py first seen with mtime 1713093360.597
File G:\My Drive\venvs\django-webapp\lib\site-packages\numpy\lib\format.py first seen with mtime 1713093360.697
File G:\My Drive\venvs\django-webapp\lib\site-packages\numpy\fft\helper.py first seen with mtime 1713093360.44
File G:\My Drive\venvs\django-webapp\lib\site-packages\numpy\polynomial\laguerre.py first seen with mtime 1713093363.095
File G:\My Drive\venvs\django-webapp\lib\site-packages\numpy\random\_philox.cp39-win_amd64.pyd first seen with mtime 1713093364.254
File G:\My Drive\venvs\django-webapp\lib\site-packages\numpy\lib\polynomial.py first seen with mtime 1713093361.012
File G:\My Drive\venvs\django-webapp\lib\site-packages\cffi\model.py first seen with mtime 1722501139.725
File G:\My Drive\venvs\django-webapp\lib\site-packages\numpy\polynomial\polyutils.py first seen with mtime 1713093363.213
File G:\My Drive\venvs\django-webapp\lib\site-packages\numpy\fft\__init__.py first seen with mtime 1713093360.522
File G:\My Drive\venvs\django-webapp\lib\site-packages\numpy\lib\function_base.py first seen with mtime 1713093360.736
File G:\My Drive\venvs\django-webapp\lib\site-packages\PIL\_imaging.cp39-win_amd64.pyd first seen with mtime 1723048399.53
File G:\My Drive\venvs\django-webapp\lib\site-packages\numpy\lib\utils.py first seen with mtime 1713093361.292
File G:\My Drive\venvs\django-webapp\lib\site-packages\numpy\polynomial\__init__.py first seen with mtime 1713093363.32
File G:\My Drive\venvs\django-webapp\lib\site-packages\numpy\random\mtrand.cp39-win_amd64.pyd first seen with mtime 1713093363.856
File G:\My Drive\venvs\django-webapp\lib\site-packages\numpy\ctypeslib.py first seen with mtime 1713093349.438
File G:\My Drive\venvs\django-webapp\lib\site-packages\numpy\polynomial\chebyshev.py first seen with mtime 1713093362.965
File G:\My Drive\venvs\django-webapp\lib\site-packages\numpy\random\bit_generator.cp39-win_amd64.pyd first seen with mtime 1713093363.69
File G:\My Drive\venvs\django-webapp\lib\site-packages\numpy\lib\shape_base.py first seen with mtime 1713093361.126
File G:\My Drive\venvs\django-webapp\lib\site-packages\cffi\lock.py first seen with mtime 1722501139.704
File G:\My Drive\venvs\django-webapp\lib\site-packages\numpy\random\_pcg64.cp39-win_amd64.pyd first seen with mtime 1713093364.204
File G:\My Drive\venvs\django-webapp\lib\site-packages\numpy\ma\__init__.py first seen with mtime 1713093362.483
File G:\My Drive\venvs\django-webapp\lib\site-packages\numpy\random\__init__.py first seen with mtime 1713093364.394
File G:\My Drive\venvs\django-webapp\lib\site-packages\numpy\lib\npyio.py first seen with mtime 1713093360.964
File G:\My Drive\venvs\django-webapp\lib\site-packages\numpy\ma\extras.py first seen with mtime 1713093362.262
File G:\My Drive\venvs\django-webapp\lib\site-packages\numpy\polynomial\polynomial.py first seen with mtime 1713093363.169
File G:\My Drive\venvs\django-webapp\lib\site-packages\numpy\fft\_pocketfft.py first seen with mtime 1713093360.466
File G:\My Drive\venvs\django-webapp\lib\site-packages\numpy\_typing\_add_docstring.py first seen with mtime 1713093368.579
File G:\My Drive\venvs\django-webapp\lib\site-packages\PIL\_util.py first seen with mtime 1723048399.925
File G:\My Drive\venvs\django-webapp\lib\site-packages\numpy\lib\_iotools.py first seen with mtime 1713093361.342
File G:\My Drive\venvs\django-webapp\lib\site-packages\numpy\random\_mt19937.cp39-win_amd64.pyd first seen with mtime 1713093364.158
File G:\My Drive\venvs\django-webapp\lib\site-packages\numpy\polynomial\hermite.py first seen with mtime 1713093362.999
File G:\My Drive\venvs\django-webapp\lib\site-packages\cffi\__init__.py first seen with mtime 1722501139.454
File G:\My Drive\venvs\django-webapp\lib\site-packages\numpy\polynomial\hermite_e.py first seen with mtime 1713093363.045
File G:\My Drive\venvs\django-webapp\lib\site-packages\numpy\random\_common.cp39-win_amd64.pyd first seen with mtime 1713093364.01
File C:\Users\agurtubayr001\AppData\Local\Programs\Python\Python39\Lib\textwrap.py first seen with mtime 1652798712.0
File G:\My Drive\venvs\django-webapp\lib\site-packages\cffi\api.py first seen with mtime 1722501139.573
File G:\My Drive\venvs\django-webapp\lib\site-packages\numpy\lib\arrayterator.py first seen with mtime 1713093360.659
File G:\My Drive\venvs\django-webapp\lib\site-packages\numpy\random\_bounded_integers.cp39-win_amd64.pyd first seen with mtime 1713093363.94
File G:\My Drive\venvs\django-webapp\lib\site-packages\numpy\polynomial\_polybase.py first seen with mtime 1713093363.273
File G:\My Drive\venvs\django-webapp\lib\site-packages\numpy\typing\__init__.py first seen with mtime 1713093365.773
File G:\My Drive\PorraF1\website\f1porra_website\settings.py previous mtime: 1724167427.679, current mtime: 1724167512.469
G:\My Drive\PorraF1\website\f1porra_website\settings.py notified as changed. Signal results: [(<function template_changed at 0x000001FA9B0F19D0>, None), (<function translation_file_changed at 0x000001FA9BB57AF0>, None)].
G:\My Drive\PorraF1\website\f1porra_website\settings.py changed, reloading.
Watching for file changes with StatReloader
Waiting for apps ready_event.
Apps ready_event triggered. Sending autoreload_started signal.
Watching dir G:\My Drive\PorraF1\website\f1porra_website\templates with glob **/*.
Watching dir G:\My Drive\PorraF1\website\locale with glob **/*.mo.
Watching dir G:\My Drive\PorraF1\website\f1porra_website\apps\public\locale with glob **/*.mo.
Watching dir G:\My Drive\PorraF1\website\f1porra_website\apps\accounts\locale with glob **/*.mo.
Watching dir G:\My Drive\venvs\django-webapp\lib\site-packages\psycopg2\locale with glob **/*.mo.
File C:\Users\agurtubayr001\AppData\Local\Programs\Python\Python39\Lib\functools.py first seen with mtime 1652798710.0
File G:\My Drive\venvs\django-webapp\lib\site-packages\django\core\checks\translation.py first seen with mtime 1711653159.971
File G:\My Drive\venvs\django-webapp\lib\site-packages\django\db\models\aggregates.py first seen with mtime 1711653166.673
File G:\My Drive\venvs\django-webapp\lib\site-packages\django\db\models\fields\proxy.py first seen with mtime 1711653167.424
File C:\Users\agurtubayr001\AppData\Local\Programs\Python\Python39\Lib\heapq.py first seen with mtime 1652798710.0
File C:\Users\agurtubayr001\AppData\Local\Programs\Python\Python39\DLLs\_zoneinfo.pyd first seen with mtime 1652798762.0
File G:\My Drive\venvs\django-webapp\lib\site-packages\django\views\static.py first seen with mtime 1711653179.291
File G:\My Drive\venvs\django-webapp\lib\site-packages\django\core\files\storage\base.py first seen with mtime 1711653160.72
File G:\My Drive\venvs\django-webapp\lib\site-packages\django\core\handlers\__init__.py first seen with mtime 1711653160.902
File C:\Users\agurtubayr001\AppData\Local\Programs\Python\Python39\Lib\zoneinfo\__init__.py first seen with mtime 1652798712.0
File G:\My Drive\venvs\django-webapp\lib\site-packages\colorama\ansi.py first seen with mtime 1721299540.129
File G:\My Drive\venvs\django-webapp\lib\site-packages\django\contrib\auth\middleware.py first seen with mtime 1711653031.304
File C:\Users\agurtubayr001\AppData\Local\Programs\Python\Python39\Lib\json\decoder.py first seen with mtime 1652798710.0
File C:\Users\agurtubayr001\AppData\Local\Programs\Python\Python39\Lib\urllib\__init__.py first seen with mtime 1652798712.0
File C:\Users\agurtubayr001\AppData\Local\Programs\Python\Python39\Lib\decimal.py first seen with mtime 1652798710.0
File G:\My Drive\venvs\django-webapp\lib\site-packages\sqlparse\filters\__init__.py first seen with mtime 1711652921.26
File G:\My Drive\venvs\django-webapp\lib\site-packages\django\core\files\__init__.py first seen with mtime 1711653160.291
File G:\My Drive\venvs\django-webapp\lib\site-packages\django\template\loaders\cached.py first seen with mtime 1711653175.963
File G:\My Drive\venvs\django-webapp\lib\site-packages\django\middleware\security.py first seen with mtime 1711653174.891
File G:\My Drive\venvs\django-webapp\lib\site-packages\psycopg2\__init__.py first seen with mtime 1723571634.082
File G:\My Drive\PorraF1\website\f1porra_website\apps\accounts\apps.py first seen with mtime 1723047270.774
File G:\My Drive\venvs\django-webapp\lib\site-packages\django\contrib\staticfiles\checks.py first seen with mtime 1711653158.145
File C:\Users\agurtubayr001\AppData\Local\Programs\Python\Python39\Lib\sre_parse.py first seen with mtime 1652798710.0
File G:\My Drive\venvs\django-webapp\lib\site-packages\django\views\__init__.py first seen with mtime 1711653179.102
File G:\My Drive\venvs\django-webapp\lib\site-packages\django\contrib\admin\templatetags\admin_modify.py first seen with mtime 1711653016.55
File G:\My Drive\venvs\django-webapp\lib\site-packages\django\contrib\messages\constants.py first seen with mtime 1711653101.236
File G:\My Drive\venvs\django-webapp\lib\site-packages\django\db\backends\postgresql\client.py first seen with mtime 1711653165.157
File C:\Users\agurtubayr001\AppData\Local\Programs\Python\Python39\Lib\quopri.py first seen with mtime 1652798710.0
File G:\My Drive\venvs\django-webapp\lib\site-packages\django\utils\asyncio.py first seen with mtime 1711653177.249
File G:\My Drive\venvs\django-webapp\lib\site-packages\django\db\backends\base\creation.py first seen with mtime 1711653163.984
File C:\Users\agurtubayr001\AppData\Local\Programs\Python\Python39\Lib\string.py first seen with mtime 1652798710.0
File G:\My Drive\venvs\django-webapp\lib\site-packages\django\db\migrations\exceptions.py first seen with mtime 1711653165.82
File G:\My Drive\venvs\django-webapp\lib\site-packages\django\views\generic\detail.py first seen with mtime 1711653179.882
File C:\Users\agurtubayr001\AppData\Local\Programs\Python\Python39\Lib\_bootlocale.py first seen with mtime 1652798710.0
File C:\Users\agurtubayr001\AppData\Local\Programs\Python\Python39\Lib\stat.py first seen with mtime 1652798710.0
File G:\My Drive\venvs\django-webapp\lib\site-packages\django\core\handlers\wsgi.py first seen with mtime 1711653161.041
File C:\Users\agurtubayr001\AppData\Local\Programs\Python\Python39\Lib\asyncio\threads.py first seen with mtime 1652798710.0
File C:\Users\agurtubayr001\AppData\Local\Programs\Python\Python39\Lib\asyncio\futures.py first seen with mtime 1652798710.0
File G:\My Drive\venvs\django-webapp\lib\site-packages\django\contrib\messages\api.py first seen with mtime 1711653101.031
File G:\My Drive\venvs\django-webapp\lib\site-packages\django\contrib\admin\options.py first seen with mtime 1711652982.116
File C:\Users\agurtubayr001\AppData\Local\Programs\Python\Python39\Lib\asyncio\format_helpers.py first seen with mtime 1652798710.0
File G:\My Drive\venvs\django-webapp\lib\site-packages\django\core\checks\files.py first seen with mtime 1711653159.607
File C:\Users\agurtubayr001\AppData\Local\Programs\Python\Python39\Lib\wsgiref\simple_server.py first seen with mtime 1652798712.0
File G:\My Drive\venvs\django-webapp\lib\site-packages\django\core\checks\registry.py first seen with mtime 1711653159.9
File G:\My Drive\venvs\django-webapp\lib\site-packages\django\template\loaders\base.py first seen with mtime 1711653175.914
File G:\My Drive\venvs\django-webapp\lib\site-packages\django\urls\resolvers.py first seen with mtime 1711653176.968
File G:\My Drive\venvs\django-webapp\lib\site-packages\django\contrib\sites\requests.py first seen with mtime 1711653143.09
File G:\My Drive\venvs\django-webapp\lib\site-packages\django\utils\safestring.py first seen with mtime 1711653178.375
File C:\Users\agurtubayr001\AppData\Local\Programs\Python\Python39\Lib\pickle.py first seen with mtime 1652798710.0
File G:\My Drive\venvs\django-webapp\lib\site-packages\django\contrib\__init__.py first seen with mtime 1711652981.559
File G:\My Drive\venvs\django-webapp\lib\site-packages\django\utils\__init__.py first seen with mtime 1711653177.038
File G:\My Drive\venvs\django-webapp\lib\site-packages\django\contrib\admin\views\autocomplete.py first seen with mtime 1711653016.74
File G:\My Drive\venvs\django-webapp\lib\site-packages\django\middleware\cache.py first seen with mtime 1711653174.658
File C:\Users\agurtubayr001\AppData\Local\Programs\Python\Python39\Lib\http\__init__.py first seen with mtime 1652798710.0
File G:\My Drive\venvs\django-webapp\lib\site-packages\django\core\handlers\exception.py first seen with mtime 1711653161.005
File G:\My Drive\venvs\django-webapp\lib\site-packages\django\db\backends\postgresql\operations.py first seen with mtime 1711653165.289
File G:\My Drive\venvs\django-webapp\lib\site-packages\django\template\loaders\__init__.py first seen with mtime 1711653175.788
File G:\My Drive\venvs\django-webapp\lib\site-packages\django\contrib\admin\checks.py first seen with mtime 1711652981.756
File G:\My Drive\venvs\django-webapp\lib\site-packages\django\db\models\functions\datetime.py first seen with mtime 1711653167.821
File C:\Users\agurtubayr001\AppData\Local\Programs\Python\Python39\Lib\argparse.py first seen with mtime 1652798710.0
File G:\My Drive\venvs\django-webapp\lib\site-packages\django\core\management\commands\__init__.py first seen with mtime 1711653161.85
File G:\My Drive\venvs\django-webapp\lib\site-packages\django\db\models\deletion.py first seen with mtime 1711653166.804
File C:\Users\agurtubayr001\AppData\Local\Programs\Python\Python39\Lib\pprint.py first seen with mtime 1652798710.0
File C:\Users\agurtubayr001\AppData\Local\Programs\Python\Python39\Lib\collections\__init__.py first seen with mtime 1652798710.0
File G:\My Drive\venvs\django-webapp\lib\site-packages\django\contrib\admin\helpers.py first seen with mtime 1711652982.0
File C:\Users\agurtubayr001\AppData\Local\Programs\Python\Python39\Lib\ast.py first seen with mtime 1652798710.0
File C:\Users\agurtubayr001\AppData\Local\Programs\Python\Python39\Lib\email\mime\nonmultipart.py first seen with mtime 1652798710.0
File G:\My Drive\venvs\django-webapp\lib\site-packages\pytz\__init__.py first seen with mtime 1713093338.541
File G:\My Drive\venvs\django-webapp\lib\site-packages\django\template\__init__.py first seen with mtime 1711653174.971
File C:\Users\agurtubayr001\AppData\Local\Programs\Python\Python39\Lib\asyncio\base_events.py first seen with mtime 1652798710.0
File C:\Users\agurtubayr001\AppData\Local\Programs\Python\Python39\Lib\_compression.py first seen with mtime 1652798710.0
File C:\Users\agurtubayr001\AppData\Local\Programs\Python\Python39\Lib\mimetypes.py first seen with mtime 1652798710.0
File G:\My Drive\venvs\django-webapp\lib\site-packages\django\contrib\auth\views.py first seen with mtime 1711653031.61
File G:\My Drive\venvs\django-webapp\lib\site-packages\django\middleware\__init__.py first seen with mtime 1711653174.626
File G:\My Drive\venvs\django-webapp\lib\site-packages\pytz\tzinfo.py first seen with mtime 1713093338.605
File C:\Users\agurtubayr001\AppData\Local\Programs\Python\Python39\Lib\email\utils.py first seen with mtime 1652798710.0
File G:\My Drive\venvs\django-webapp\lib\site-packages\sqlparse\filters\reindent.py first seen with mtime 1711652922.423
File G:\My Drive\venvs\django-webapp\lib\site-packages\django\utils\module_loading.py first seen with mtime 1711653178.256
File G:\My Drive\venvs\django-webapp\lib\site-packages\django\core\serializers\__init__.py first seen with mtime 1711653163.003
File C:\Users\agurtubayr001\AppData\Local\Programs\Python\Python39\Lib\opcode.py first seen with mtime 1652798710.0
File G:\My Drive\venvs\django-webapp\lib\site-packages\colorama\__init__.py first seen with mtime 1721299540.112
File G:\My Drive\venvs\django-webapp\lib\site-packages\django\core\checks\database.py first seen with mtime 1711653159.571
File C:\Users\agurtubayr001\AppData\Local\Programs\Python\Python39\Lib\logging\__init__.py first seen with mtime 1652798710.0
File G:\My Drive\venvs\django-webapp\lib\site-packages\django\utils\autoreload.py first seen with mtime 1711653177.292
File G:\My Drive\venvs\django-webapp\lib\site-packages\django\core\servers\basehttp.py first seen with mtime 1711653163.406
File G:\My Drive\venvs\django-webapp\lib\site-packages\django\template\defaultfilters.py first seen with mtime 1711653175.13
File G:\My Drive\venvs\django-webapp\lib\site-packages\pytz\exceptions.py first seen with mtime 1713093338.557
File G:\My Drive\venvs\django-webapp\lib\site-packages\django\contrib\contenttypes\checks.py first seen with mtime 1711653043.896
File C:\Users\agurtubayr001\AppData\Local\Programs\Python\Python39\Lib\locale.py first seen with mtime 1652798710.0
File G:\My Drive\venvs\django-webapp\lib\site-packages\win32\lib\pywin32_bootstrap.py first seen with mtime 1721299402.026
File C:\Users\agurtubayr001\AppData\Local\Programs\Python\Python39\Lib\uu.py first seen with mtime 1652798712.0
File G:\My Drive\venvs\django-webapp\lib\site-packages\psycopg2\_ipaddress.py first seen with mtime 1723571634.133
File G:\My Drive\venvs\django-webapp\lib\site-packages\django\contrib\contenttypes\management\__init__.py first seen with mtime 1711653056.216
File G:\My Drive\venvs\django-webapp\lib\site-packages\django\core\cache\backends\filebased.py first seen with mtime 1711653159.298
File G:\My Drive\venvs\django-webapp\lib\site-packages\django\core\files\uploadedfile.py first seen with mtime 1711653160.56
File C:\Users\agurtubayr001\AppData\Local\Programs\Python\Python39\Lib\tempfile.py first seen with mtime 1652798710.0
File G:\My Drive\venvs\django-webapp\lib\site-packages\django\core\cache\backends\locmem.py first seen with mtime 1711653159.338
File G:\My Drive\venvs\django-webapp\lib\site-packages\django\core\files\storage\memory.py first seen with mtime 1711653160.825
File G:\My Drive\venvs\django-webapp\lib\site-packages\django\contrib\admin\exceptions.py first seen with mtime 1711652981.841
File C:\Users\agurtubayr001\AppData\Local\Programs\Python\Python39\Lib\base64.py first seen with mtime 1652798710.0
File C:\Users\agurtubayr001\AppData\Local\Programs\Python\Python39\Lib\json\__init__.py first seen with mtime 1652798710.0
File C:\Users\agurtubayr001\AppData\Local\Programs\Python\Python39\Lib\email\quoprimime.py first seen with mtime 1652798710.0
File C:\Users\agurtubayr001\AppData\Local\Programs\Python\Python39\Lib\socketserver.py first seen with mtime 1652798710.0
File G:\My Drive\PorraF1\website\f1porra_website\apps\accounts\forms.py first seen with mtime 1723046657.211
File G:\My Drive\venvs\django-webapp\lib\site-packages\django\db\backends\base\schema.py first seen with mtime 1711653164.123
File C:\Users\agurtubayr001\AppData\Local\Programs\Python\Python39\Lib\asyncio\locks.py first seen with mtime 1652798710.0
File C:\Users\agurtubayr001\AppData\Local\Programs\Python\Python39\Lib\numbers.py first seen with mtime 1652798710.0
File G:\My Drive\venvs\django-webapp\lib\site-packages\asgiref\sync.py first seen with mtime 1711652954.244
File C:\Users\agurtubayr001\AppData\Local\Programs\Python\Python39\Lib\importlib\machinery.py first seen with mtime 1652798710.0
File C:\Users\agurtubayr001\AppData\Local\Programs\Python\Python39\Lib\pkgutil.py first seen with mtime 1652798710.0
File G:\My Drive\venvs\django-webapp\lib\site-packages\django\core\cache\__init__.py first seen with mtime 1711653159.069
File C:\Users\agurtubayr001\AppData\Local\Programs\Python\Python39\Lib\random.py first seen with mtime 1652798710.0
File G:\My Drive\venvs\django-webapp\lib\site-packages\django\templatetags\l10n.py first seen with mtime 1711653176.171
File G:\My Drive\venvs\django-webapp\lib\site-packages\django\views\decorators\common.py first seen with mtime 1711653179.519
File G:\My Drive\venvs\django-webapp\lib\site-packages\django\contrib\auth\backends.py first seen with mtime 1711653031.01
File C:\Users\agurtubayr001\AppData\Local\Programs\Python\Python39\Lib\encodings\cp1252.py first seen with mtime 1652798710.0
File G:\My Drive\PorraF1\website\f1porra_website\apps\public\views.py first seen with mtime 1723566584.64
File G:\My Drive\venvs\django-webapp\lib\site-packages\django\contrib\auth\management\__init__.py first seen with mtime 1711653043.002
File G:\My Drive\venvs\django-webapp\lib\site-packages\django\db\models\fields\__init__.py first seen with mtime 1711653167.275
File G:\My Drive\venvs\django-webapp\lib\site-packages\django\db\models\constraints.py first seen with mtime 1711653166.772
File G:\My Drive\venvs\django-webapp\lib\site-packages\django\utils\decorators.py first seen with mtime 1711653177.664
File G:\My Drive\venvs\django-webapp\lib\site-packages\django\contrib\sessions\models.py first seen with mtime 1711653129.102
File G:\My Drive\venvs\django-webapp\lib\site-packages\django\db\models\fields\related.py first seen with mtime 1711653167.529
File G:\My Drive\venvs\django-webapp\lib\site-packages\django\utils\http.py first seen with mtime 1711653178.012
File G:\My Drive\venvs\django-webapp\lib\site-packages\django\http\cookie.py first seen with mtime 1711653174.492
File G:\My Drive\venvs\django-webapp\lib\site-packages\django\db\backends\ddl_references.py first seen with mtime 1711653163.674
File C:\Users\agurtubayr001\AppData\Local\Programs\Python\Python39\Lib\wsgiref\util.py first seen with mtime 1652798712.0
File C:\Users\agurtubayr001\AppData\Local\Programs\Python\Python39\Lib\asyncio\base_tasks.py first seen with mtime 1652798710.0
File C:\Users\agurtubayr001\AppData\Local\Programs\Python\Python39\Lib\hashlib.py first seen with mtime 1652798710.0
File G:\My Drive\venvs\django-webapp\lib\site-packages\django\utils\datastructures.py first seen with mtime 1711653177.465
File G:\My Drive\venvs\django-webapp\lib\site-packages\django\utils\translation\reloader.py first seen with mtime 1711653178.942
File G:\My Drive\venvs\django-webapp\lib\site-packages\django\db\models\functions\__init__.py first seen with mtime 1711653167.714
File C:\Users\agurtubayr001\AppData\Local\Programs\Python\Python39\Lib\posixpath.py first seen with mtime 1652798710.0
File G:\My Drive\PorraF1\website\f1porra_website\apps\public\templatetags\__init__.py first seen with mtime 1721384717.331
File G:\My Drive\venvs\django-webapp\lib\site-packages\django\contrib\admin\actions.py first seen with mtime 1711652981.676
File G:\My Drive\venvs\django-webapp\lib\site-packages\django\templatetags\tz.py first seen with mtime 1711653176.236
File G:\My Drive\venvs\django-webapp\lib\site-packages\django\views\generic\list.py first seen with mtime 1711653179.942
File C:\Users\agurtubayr001\AppData\Local\Programs\Python\Python39\Lib\urllib\parse.py first seen with mtime 1652798712.0
File G:\My Drive\venvs\django-webapp\lib\site-packages\django\template\backends\base.py first seen with mtime 1711653175.566
File G:\My Drive\venvs\django-webapp\lib\site-packages\sqlparse\filters\right_margin.py first seen with mtime 1711652922.64
File G:\My Drive\venvs\django-webapp\lib\site-packages\django\db\models\fields\related_descriptors.py first seen with mtime 1711653167.575
File G:\My Drive\venvs\django-webapp\lib\site-packages\django\db\backends\postgresql\creation.py first seen with mtime 1711653165.193
File G:\My Drive\venvs\django-webapp\lib\site-packages\django\urls\exceptions.py first seen with mtime 1711653176.926
File G:\My Drive\venvs\django-webapp\lib\site-packages\django\core\files\temp.py first seen with mtime 1711653160.526
File C:\Users\agurtubayr001\AppData\Local\Programs\Python\Python39\Lib\_weakrefset.py first seen with mtime 1652798710.0
File C:\Users\agurtubayr001\AppData\Local\Programs\Python\Python39\Lib\email\base64mime.py first seen with mtime 1652798710.0
File G:\My Drive\venvs\django-webapp\lib\site-packages\django\contrib\contenttypes\fields.py first seen with mtime 1711653043.946
File G:\My Drive\venvs\django-webapp\lib\site-packages\django\db\models\functions\comparison.py first seen with mtime 1711653167.75
File C:\Users\agurtubayr001\AppData\Local\Programs\Python\Python39\Lib\ntpath.py first seen with mtime 1652798710.0
File C:\Users\agurtubayr001\AppData\Local\Programs\Python\Python39\Lib\sre_compile.py first seen with mtime 1652798710.0
File C:\Users\agurtubayr001\AppData\Local\Programs\Python\Python39\DLLs\_queue.pyd first seen with mtime 1652798762.0
File G:\My Drive\venvs\django-webapp\lib\site-packages\django\contrib\sessions\backends\__init__.py first seen with mtime 1711653129.181
File G:\My Drive\venvs\django-webapp\lib\site-packages\django\contrib\admin\apps.py first seen with mtime 1711652981.714
File G:\My Drive\venvs\django-webapp\lib\site-packages\django\contrib\staticfiles\handlers.py first seen with mtime 1711653158.217
File G:\My Drive\venvs\django-webapp\lib\site-packages\django\views\generic\__init__.py first seen with mtime 1711653179.782
File G:\My Drive\venvs\django-webapp\lib\site-packages\django\core\exceptions.py first seen with mtime 1711653158.84
File C:\Users\agurtubayr001\AppData\Local\Programs\Python\Python39\Lib\token.py first seen with mtime 1652798712.0
File G:\My Drive\venvs\django-webapp\lib\site-packages\django\template\backends\__init__.py first seen with mtime 1711653175.479
File C:\Users\agurtubayr001\AppData\Local\Programs\Python\Python39\Lib\asyncio\runners.py first seen with mtime 1652798710.0
File G:\My Drive\venvs\django-webapp\lib\site-packages\django\contrib\sessions\__init__.py first seen with mtime 1711653128.94
File G:\My Drive\venvs\django-webapp\lib\site-packages\django\contrib\auth\apps.py first seen with mtime 1711653030.976
File C:\Users\agurtubayr001\AppData\Local\Programs\Python\Python39\Lib\encodings\aliases.py first seen with mtime 1652798710.0
File G:\My Drive\venvs\django-webapp\lib\site-packages\django\core\checks\caches.py first seen with mtime 1711653159.536
File G:\My Drive\venvs\django-webapp\lib\site-packages\django\dispatch\dispatcher.py first seen with mtime 1711653168.358
File C:\Users\agurtubayr001\AppData\Local\Programs\Python\Python39\Lib\dis.py first seen with mtime 1652798710.0
File G:\My Drive\venvs\django-webapp\lib\site-packages\django\db\models\lookups.py first seen with mtime 1711653167.001
File G:\My Drive\venvs\django-webapp\lib\site-packages\django\contrib\admin\templatetags\__init__.py first seen with mtime 1711653016.471
File C:\Users\agurtubayr001\AppData\Local\Programs\Python\Python39\DLLs\_bz2.pyd first seen with mtime 1652798772.0
File G:\My Drive\venvs\django-webapp\lib\site-packages\django\core\mail\message.py first seen with mtime 1711653161.211
File G:\My Drive\venvs\django-webapp\lib\site-packages\django\core\checks\compatibility\django_4_0.py first seen with mtime 1711653160.084
File G:\My Drive\venvs\django-webapp\lib\site-packages\django\core\checks\async_checks.py first seen with mtime 1711653159.502
File G:\My Drive\venvs\django-webapp\lib\site-packages\django\middleware\csrf.py first seen with mtime 1711653174.753
File C:\Users\agurtubayr001\AppData\Local\Programs\Python\Python39\Lib\operator.py first seen with mtime 1652798710.0
File C:\Users\agurtubayr001\AppData\Local\Programs\Python\Python39\Lib\signal.py first seen with mtime 1652798710.0
File C:\Users\agurtubayr001\AppData\Local\Programs\Python\Python39\Lib\collections\abc.py first seen with mtime 1652798710.0
File G:\My Drive\PorraF1\website\f1porra_website\apps\accounts\urls.py first seen with mtime 1722792063.59
File G:\My Drive\venvs\django-webapp\lib\site-packages\pytz\tzfile.py first seen with mtime 1713093338.594
File G:\My Drive\venvs\django-webapp\lib\site-packages\django\utils\deconstruct.py first seen with mtime 1711653177.632
File C:\Users\agurtubayr001\AppData\Local\Programs\Python\Python39\Lib\concurrent\futures\_base.py first seen with mtime 1652798710.0
File G:\My Drive\venvs\django-webapp\lib\site-packages\django\core\management\commands\runserver.py first seen with mtime 1711653162.457
File G:\My Drive\venvs\django-webapp\lib\site-packages\django\utils\encoding.py first seen with mtime 1711653177.777
File G:\My Drive\venvs\django-webapp\lib\site-packages\django\contrib\auth\validators.py first seen with mtime 1711653031.559
File G:\My Drive\venvs\django-webapp\lib\site-packages\django\db\migrations\operations\base.py first seen with mtime 1711653166.313
File G:\My Drive\venvs\django-webapp\lib\site-packages\django\db\__init__.py first seen with mtime 1711653163.46
File C:\Users\agurtubayr001\AppData\Local\Programs\Python\Python39\Lib\email\mime\base.py first seen with mtime 1652798710.0
File G:\My Drive\venvs\django-webapp\lib\site-packages\django\db\models\sql\query.py first seen with mtime 1711653168.193
File C:\Users\agurtubayr001\AppData\Local\Programs\Python\Python39\Lib\_compat_pickle.py first seen with mtime 1652798710.0
File G:\My Drive\venvs\django-webapp\lib\site-packages\django\contrib\auth\admin.py first seen with mtime 1711653030.946
File G:\My Drive\venvs\django-webapp\lib\site-packages\asgiref\__init__.py first seen with mtime 1711652952.798
File G:\My Drive\venvs\django-webapp\lib\site-packages\django\utils\duration.py first seen with mtime 1711653177.739
File G:\My Drive\venvs\django-webapp\lib\site-packages\colorama\ansitowin32.py first seen with mtime 1721299540.147
File G:\My Drive\venvs\django-webapp\lib\site-packages\django\contrib\auth\decorators.py first seen with mtime 1711653031.188
File G:\My Drive\venvs\django-webapp\lib\site-packages\django\conf\locale\__init__.py first seen with mtime 1711652959.228
File C:\Users\agurtubayr001\AppData\Local\Programs\Python\Python39\DLLs\_uuid.pyd first seen with mtime 1652798762.0
File C:\Users\agurtubayr001\AppData\Local\Programs\Python\Python39\Lib\calendar.py first seen with mtime 1652798710.0
File G:\My Drive\venvs\django-webapp\lib\site-packages\django\template\context.py first seen with mtime 1711653175.065
File G:\My Drive\venvs\django-webapp\lib\site-packages\django\utils\crypto.py first seen with mtime 1711653177.433
File G:\My Drive\venvs\django-webapp\lib\site-packages\django\core\checks\security\csrf.py first seen with mtime 1711653160.201
File C:\Users\agurtubayr001\AppData\Local\Programs\Python\Python39\Lib\_sitebuiltins.py first seen with mtime 1652798710.0
File G:\My Drive\venvs\django-webapp\lib\site-packages\psycopg2\extras.py first seen with mtime 1723571634.534
File C:\Users\agurtubayr001\AppData\Local\Programs\Python\Python39\Lib\email\headerregistry.py first seen with mtime 1652798710.0
File C:\Users\agurtubayr001\AppData\Local\Programs\Python\Python39\Lib\logging\handlers.py first seen with mtime 1652798710.0
File G:\My Drive\PorraF1\website\f1porra_website\apps\public\apps.py first seen with mtime 1711991821.713
File G:\My Drive\venvs\django-webapp\lib\site-packages\django\utils\deprecation.py first seen with mtime 1711653177.698
File G:\My Drive\venvs\django-webapp\lib\site-packages\psycopg2\_range.py first seen with mtime 1723571634.313
File G:\My Drive\venvs\django-webapp\lib\site-packages\django\db\utils.py first seen with mtime 1711653163.533
File C:\Users\agurtubayr001\AppData\Local\Programs\Python\Python39\Lib\email\_header_value_parser.py first seen with mtime 1652798710.0
File G:\My Drive\venvs\django-webapp\lib\site-packages\django\utils\cache.py first seen with mtime 1711653177.366
File G:\My Drive\venvs\django-webapp\lib\site-packages\sqlparse\sql.py first seen with mtime 1711652918.777
File C:\Users\agurtubayr001\AppData\Local\Programs\Python\Python39\Lib\bz2.py first seen with mtime 1652798710.0
File G:\My Drive\venvs\django-webapp\lib\site-packages\django\db\models\fields\json.py first seen with mtime 1711653167.348
File G:\My Drive\venvs\django-webapp\lib\site-packages\sqlparse\utils.py first seen with mtime 1711652919.167
File C:\Users\agurtubayr001\AppData\Local\Programs\Python\Python39\Lib\urllib\response.py first seen with mtime 1652798712.0
File G:\My Drive\venvs\django-webapp\lib\site-packages\django\db\backends\base\base.py first seen with mtime 1711653163.919
File C:\Users\agurtubayr001\AppData\Local\Programs\Python\Python39\DLLs\unicodedata.pyd first seen with mtime 1652798764.0
File G:\My Drive\venvs\django-webapp\lib\site-packages\django\core\files\storage\__init__.py first seen with mtime 1711653160.682
File G:\My Drive\venvs\django-webapp\lib\site-packages\django\forms\forms.py first seen with mtime 1711653170.294
File G:\My Drive\venvs\django-webapp\lib\site-packages\django\views\decorators\cache.py first seen with mtime 1711653179.371
File G:\My Drive\venvs\django-webapp\lib\site-packages\django\core\checks\security\sessions.py first seen with mtime 1711653160.235
File C:\Users\agurtubayr001\AppData\Local\Programs\Python\Python39\Lib\importlib\util.py first seen with mtime 1652798710.0
File C:\Users\agurtubayr001\AppData\Local\Programs\Python\Python39\Lib\ipaddress.py first seen with mtime 1652798710.0
File C:\Users\agurtubayr001\AppData\Local\Programs\Python\Python39\Lib\socket.py first seen with mtime 1652798710.0
File C:\Users\agurtubayr001\AppData\Local\Programs\Python\Python39\Lib\asyncio\__init__.py first seen with mtime 1652798710.0
File G:\My Drive\venvs\django-webapp\lib\site-packages\django\template\smartif.py first seen with mtime 1711653175.389
File C:\Users\agurtubayr001\AppData\Local\Programs\Python\Python39\Lib\_collections_abc.py first seen with mtime 1652798710.0
File C:\Users\agurtubayr001\AppData\Local\Programs\Python\Python39\Lib\asyncio\windows_utils.py first seen with mtime 1652798710.0
File G:\My Drive\venvs\django-webapp\lib\site-packages\django\contrib\auth\tokens.py first seen with mtime 1711653031.484
File G:\My Drive\venvs\django-webapp\lib\site-packages\django\core\management\base.py first seen with mtime 1711653161.662
File C:\Users\agurtubayr001\AppData\Local\Programs\Python\Python39\Lib\logging\config.py first seen with mtime 1652798710.0
File C:\Users\agurtubayr001\AppData\Local\Programs\Python\Python39\Lib\email\mime\text.py first seen with mtime 1652798710.0
File G:\My Drive\venvs\django-webapp\lib\site-packages\django\core\servers\__init__.py first seen with mtime 1711653163.367
File G:\My Drive\venvs\django-webapp\lib\site-packages\django\contrib\staticfiles\views.py first seen with mtime 1711653158.392
File G:\My Drive\venvs\django-webapp\lib\site-packages\django\db\backends\base\__init__.py first seen with mtime 1711653163.796
File G:\My Drive\venvs\django-webapp\lib\site-packages\django\templatetags\i18n.py first seen with mtime 1711653176.138
File G:\My Drive\venvs\django-webapp\lib\site-packages\django\core\files\storage\mixins.py first seen with mtime 1711653160.862
File G:\My Drive\venvs\django-webapp\lib\site-packages\django\utils\topological_sort.py first seen with mtime 1711653178.692
File C:\Users\agurtubayr001\AppData\Local\Programs\Python\Python39\Lib\pathlib.py first seen with mtime 1652798710.0
File G:\My Drive\PorraF1\website\f1porra_website\apps\public\admin.py first seen with mtime 1723561766.222
File G:\My Drive\venvs\django-webapp\lib\site-packages\django\template\library.py first seen with mtime 1711653175.254
File G:\My Drive\venvs\django-webapp\lib\site-packages\django\core\cache\backends\base.py first seen with mtime 1711653159.191
File C:\Users\agurtubayr001\AppData\Local\Programs\Python\Python39\Lib\asyncio\tasks.py first seen with mtime 1652798710.0
File C:\Users\agurtubayr001\AppData\Local\Programs\Python\Python39\Lib\enum.py first seen with mtime 1652798710.0
File C:\Users\agurtubayr001\AppData\Local\Programs\Python\Python39\Lib\datetime.py first seen with mtime 1652798710.0
File G:\My Drive\venvs\django-webapp\lib\site-packages\django\core\management\__init__.py first seen with mtime 1711653161.628
File G:\My Drive\venvs\django-webapp\lib\site-packages\sqlparse\filters\others.py first seen with mtime 1711652921.876
File C:\Users\agurtubayr001\AppData\Local\Programs\Python\Python39\Lib\warnings.py first seen with mtime 1652798712.0
File G:\My Drive\venvs\django-webapp\lib\site-packages\django\forms\boundfield.py first seen with mtime 1711653170.224
File G:\My Drive\PorraF1\website\f1porra_website\apps\accounts\admin.py first seen with mtime 1723048101.537
File C:\Users\agurtubayr001\AppData\Local\Programs\Python\Python39\Lib\weakref.py first seen with mtime 1652798712.0
File C:\Users\agurtubayr001\AppData\Local\Programs\Python\Python39\Lib\io.py first seen with mtime 1652798710.0
File G:\My Drive\venvs\django-webapp\lib\site-packages\django\contrib\admin\templatetags\admin_urls.py first seen with mtime 1711653016.585
File G:\My Drive\venvs\django-webapp\lib\site-packages\django\views\decorators\__init__.py first seen with mtime 1711653179.334
File G:\My Drive\venvs\django-webapp\lib\site-packages\sqlparse\lexer.py first seen with mtime 1711652918.535
File C:\Users\agurtubayr001\AppData\Local\Programs\Python\Python39\Lib\re.py first seen with mtime 1652798710.0
File G:\My Drive\venvs\django-webapp\lib\site-packages\django\contrib\auth\forms.py first seen with mtime 1711653031.221
File G:\My Drive\venvs\django-webapp\lib\site-packages\django\contrib\messages\middleware.py first seen with mtime 1711653101.363
File C:\Users\agurtubayr001\AppData\Local\Programs\Python\Python39\Lib\traceback.py first seen with mtime 1652798712.0
File G:\My Drive\venvs\django-webapp\lib\site-packages\django\db\backends\postgresql\psycopg_any.py first seen with mtime 1711653165.32
File G:\My Drive\venvs\django-webapp\lib\site-packages\django\contrib\auth\signals.py first seen with mtime 1711653031.441
File G:\My Drive\venvs\django-webapp\lib\site-packages\django\contrib\staticfiles\management\commands\__init__.py first seen with mtime 1711653158.478
File G:\My Drive\venvs\django-webapp\lib\site-packages\django\utils\_os.py first seen with mtime 1711653177.071
File G:\My Drive\venvs\django-webapp\lib\site-packages\django\db\migrations\operations\special.py first seen with mtime 1711653166.543
File G:\My Drive\venvs\django-webapp\lib\site-packages\django\db\models\functions\math.py first seen with mtime 1711653167.856
File G:\My Drive\venvs\django-webapp\lib\site-packages\django\contrib\auth\password_validation.py first seen with mtime 1711653031.406
File G:\My Drive\PorraF1\website\f1porra_website\__init__.py first seen with mtime 1711653736.275
File C:\Users\agurtubayr001\AppData\Local\Programs\Python\Python39\DLLs\_overlapped.pyd first seen with mtime 1652798762.0
File G:\My Drive\venvs\django-webapp\lib\site-packages\django\db\models\base.py first seen with mtime 1711653166.71
File G:\My Drive\venvs\django-webapp\lib\site-packages\django\db\backends\utils.py first seen with mtime 1711653163.755
File C:\Users\agurtubayr001\AppData\Local\Programs\Python\Python39\Lib\email\__init__.py first seen with mtime 1652798710.0
File C:\Users\agurtubayr001\AppData\Local\Programs\Python\Python39\Lib\wsgiref\__init__.py first seen with mtime 1652798712.0
File G:\My Drive\venvs\django-webapp\lib\site-packages\django\utils\tree.py first seen with mtime 1711653178.768
File G:\My Drive\venvs\django-webapp\lib\site-packages\django\views\debug.py first seen with mtime 1711653179.182
File G:\My Drive\PorraF1\website\f1porra_website\urls.py first seen with mtime 1723048557.096
File G:\My Drive\venvs\django-webapp\lib\site-packages\django\db\models\sql\where.py first seen with mtime 1711653168.268
File C:\Users\agurtubayr001\AppData\Local\Programs\Python\Python39\Lib\asyncio\events.py first seen with mtime 1652798710.0
File G:\My Drive\venvs\django-webapp\lib\site-packages\asgiref\current_thread_executor.py first seen with mtime 1711652953.056
File G:\My Drive\venvs\django-webapp\lib\site-packages\django\contrib\sites\__init__.py first seen with mtime 1711653142.821
File G:\My Drive\venvs\django-webapp\lib\site-packages\django\db\models\query.py first seen with mtime 1711653167.11
File G:\My Drive\venvs\django-webapp\lib\site-packages\colorama\initialise.py first seen with mtime 1721299540.166
File G:\My Drive\venvs\django-webapp\lib\site-packages\django\db\models\__init__.py first seen with mtime 1711653166.64
File G:\My Drive\venvs\django-webapp\lib\site-packages\django\contrib\sessions\middleware.py first seen with mtime 1711653129.072
File C:\Users\agurtubayr001\AppData\Local\Programs\Python\Python39\Lib\email\charset.py first seen with mtime 1652798710.0
File C:\Users\agurtubayr001\AppData\Local\Programs\Python\Python39\Lib\encodings\latin_1.py first seen with mtime 1652798710.0
File G:\My Drive\venvs\django-webapp\lib\site-packages\django\db\models\sql\datastructures.py first seen with mtime 1711653168.153
File G:\My Drive\venvs\django-webapp\lib\site-packages\psycopg2\_json.py first seen with mtime 1723571634.166
File C:\Users\agurtubayr001\AppData\Local\Programs\Python\Python39\Lib\zoneinfo\_common.py first seen with mtime 1652798712.0
File G:\My Drive\venvs\django-webapp\lib\site-packages\django\template\loader.py first seen with mtime 1711653175.285
File G:\My Drive\venvs\django-webapp\lib\site-packages\django\template\loader_tags.py first seen with mtime 1711653175.32
File G:\My Drive\venvs\django-webapp\lib\site-packages\django\contrib\auth\models.py first seen with mtime 1711653031.365
File C:\Users\agurtubayr001\AppData\Local\Programs\Python\Python39\DLLs\_decimal.pyd first seen with mtime 1652798762.0
File G:\My Drive\venvs\django-webapp\lib\site-packages\PIL\__init__.py first seen with mtime 1723048399.387
File C:\Users\agurtubayr001\AppData\Local\Programs\Python\Python39\Lib\ctypes\wintypes.py first seen with mtime 1652798710.0
File G:\My Drive\venvs\django-webapp\lib\site-packages\django\core\checks\messages.py first seen with mtime 1711653159.808
File G:\My Drive\venvs\django-webapp\lib\site-packages\django\utils\timezone.py first seen with mtime 1711653178.655
File G:\My Drive\venvs\django-webapp\lib\site-packages\django\template\exceptions.py first seen with mtime 1711653175.225
File G:\My Drive\venvs\django-webapp\lib\site-packages\django\utils\version.py first seen with mtime 1711653178.801
File G:\My Drive\venvs\django-webapp\lib\site-packages\django\db\transaction.py first seen with mtime 1711653163.499
File G:\My Drive\venvs\django-webapp\lib\site-packages\django\utils\termcolors.py first seen with mtime 1711653178.536
File G:\My Drive\venvs\django-webapp\lib\site-packages\django\db\models\utils.py first seen with mtime 1711653167.217
File G:\My Drive\venvs\django-webapp\lib\site-packages\psycopg2\extensions.py first seen with mtime 1723571634.5
File G:\My Drive\venvs\django-webapp\lib\site-packages\sqlparse\engine\statement_splitter.py first seen with mtime 1711652920.956
File G:\My Drive\venvs\django-webapp\lib\site-packages\django\forms\utils.py first seen with mtime 1711653170.439
File C:\Users\agurtubayr001\AppData\Local\Programs\Python\Python39\Lib\nturl2path.py first seen with mtime 1652798710.0
File C:\Users\agurtubayr001\AppData\Local\Programs\Python\Python39\Lib\selectors.py first seen with mtime 1652798710.0
File G:\My Drive\venvs\django-webapp\lib\site-packages\django\db\models\fields\reverse_related.py first seen with mtime 1711653167.642
File G:\My Drive\venvs\django-webapp\lib\site-packages\sqlparse\tokens.py first seen with mtime 1711652919.059
File G:\My Drive\venvs\django-webapp\lib\site-packages\django\template\engine.py first seen with mtime 1711653175.193
File G:\My Drive\venvs\django-webapp\lib\site-packages\django\utils\functional.py first seen with mtime 1711653177.881
File C:\Users\agurtubayr001\AppData\Local\Programs\Python\Python39\Lib\difflib.py first seen with mtime 1652798710.0
File G:\My Drive\venvs\django-webapp\lib\site-packages\django\contrib\contenttypes\views.py first seen with mtime 1711653044.081
File G:\My Drive\PorraF1\website\f1porra_website\apps\accounts\signals.py first seen with mtime 1723047913.118
File G:\My Drive\venvs\django-webapp\lib\site-packages\django\views\csrf.py first seen with mtime 1711653179.147
File C:\Users\agurtubayr001\AppData\Local\Programs\Python\Python39\Lib\email\_encoded_words.py first seen with mtime 1652798710.0
File C:\Users\agurtubayr001\AppData\Local\Programs\Python\Python39\Lib\asyncio\base_subprocess.py first seen with mtime 1652798710.0
File G:\My Drive\venvs\django-webapp\lib\site-packages\django\contrib\staticfiles\apps.py first seen with mtime 1711653158.113
File C:\Users\agurtubayr001\AppData\Local\Programs\Python\Python39\Lib\email\contentmanager.py first seen with mtime 1652798710.0
File G:\My Drive\venvs\django-webapp\lib\site-packages\django\contrib\admin\templatetags\log.py first seen with mtime 1711653016.661
File C:\Users\agurtubayr001\AppData\Local\Programs\Python\Python39\Lib\contextlib.py first seen with mtime 1652798710.0
File G:\My Drive\PorraF1\website\f1porra_website\settings.py first seen with mtime 1724188351.297
File G:\My Drive\venvs\django-webapp\lib\site-packages\psycopg2\_psycopg.cp39-win_amd64.pyd first seen with mtime 1723571634.283
File G:\My Drive\venvs\django-webapp\lib\site-packages\django\forms\renderers.py first seen with mtime 1711653170.406
File G:\My Drive\venvs\django-webapp\lib\site-packages\django\utils\hashable.py first seen with mtime 1711653177.916
File G:\My Drive\venvs\django-webapp\lib\site-packages\django\contrib\auth\__init__.py first seen with mtime 1711653030.913
File G:\My Drive\venvs\django-webapp\lib\site-packages\django\utils\connection.py first seen with mtime 1711653177.4
File G:\My Drive\venvs\django-webapp\lib\site-packages\django\http\__init__.py first seen with mtime 1711653174.46
File G:\My Drive\venvs\django-webapp\lib\site-packages\django\core\checks\security\base.py first seen with mtime 1711653160.159
File C:\Users\agurtubayr001\AppData\Local\Programs\Python\Python39\Lib\email\generator.py first seen with mtime 1652798710.0
File G:\My Drive\venvs\django-webapp\lib\site-packages\django\template\defaulttags.py first seen with mtime 1711653175.163
File G:\My Drive\venvs\django-webapp\lib\site-packages\django\core\checks\model_checks.py first seen with mtime 1711653159.864
File G:\My Drive\venvs\django-webapp\lib\site-packages\django\core\files\uploadhandler.py first seen with mtime 1711653160.597
File G:\My Drive\venvs\django-webapp\lib\site-packages\django\contrib\auth\urls.py first seen with mtime 1711653031.522
File G:\My Drive\venvs\django-webapp\lib\site-packages\django\utils\inspect.py first seen with mtime 1711653178.046
File G:\My Drive\venvs\django-webapp\lib\site-packages\sqlparse\engine\grouping.py first seen with mtime 1711652920.706
File G:\My Drive\venvs\django-webapp\lib\site-packages\django\contrib\admin\utils.py first seen with mtime 1711652982.272
File G:\My Drive\PorraF1\website\f1porra_website\apps\public\models.py first seen with mtime 1723573175.887
File G:\My Drive\venvs\django-webapp\lib\site-packages\django\core\files\locks.py first seen with mtime 1711653160.389
File G:\My Drive\venvs\django-webapp\lib\site-packages\django\__init__.py first seen with mtime 1711652958.624
File C:\Users\agurtubayr001\AppData\Local\Programs\Python\Python39\Lib\json\scanner.py first seen with mtime 1652798710.0
File G:\My Drive\venvs\django-webapp\lib\site-packages\django\db\migrations\migration.py first seen with mtime 1711653165.958
File G:\My Drive\venvs\django-webapp\lib\site-packages\django\contrib\auth\mixins.py first seen with mtime 1711653031.336
File G:\My Drive\venvs\django-webapp\lib\site-packages\django\db\backends\postgresql\base.py first seen with mtime 1711653165.118
File G:\My Drive\venvs\django-webapp\lib\site-packages\django\core\paginator.py first seen with mtime 1711653158.874
File G:\My Drive\venvs\django-webapp\lib\site-packages\django\forms\widgets.py first seen with mtime 1711653170.472
File G:\My Drive\PorraF1\website\f1porra_website\apps\accounts\models.py first seen with mtime 1723049251.806
File G:\My Drive\venvs\django-webapp\lib\site-packages\django\db\models\fields\mixins.py first seen with mtime 1711653167.387
File G:\My Drive\venvs\django-webapp\lib\site-packages\django\conf\urls\__init__.py first seen with mtime 1711652981.425
File G:\My Drive\venvs\django-webapp\lib\site-packages\psycopg2\errors.py first seen with mtime 1723571634.471
File C:\Users\agurtubayr001\AppData\Local\Programs\Python\Python39\Lib\http\client.py first seen with mtime 1652798710.0
File C:\Users\agurtubayr001\AppData\Local\Programs\Python\Python39\DLLs\_hashlib.pyd first seen with mtime 1652798762.0
File G:\My Drive\venvs\django-webapp\lib\site-packages\django\db\models\functions\mixins.py first seen with mtime 1711653167.891
File G:\My Drive\venvs\django-webapp\lib\site-packages\django\apps\__init__.py first seen with mtime 1711652958.731
File G:\My Drive\venvs\django-webapp\lib\site-packages\colorama\winterm.py first seen with mtime 1721299540.206
File G:\My Drive\venvs\django-webapp\lib\site-packages\django\db\backends\postgresql\__init__.py first seen with mtime 1711653165.022
File C:\Users\agurtubayr001\AppData\Local\Programs\Python\Python39\Lib\asyncio\protocols.py first seen with mtime 1652798710.0
File G:\My Drive\venvs\django-webapp\lib\site-packages\sqlparse\filters\aligned_indent.py first seen with mtime 1711652921.57
File G:\My Drive\venvs\django-webapp\lib\site-packages\django\contrib\sites\shortcuts.py first seen with mtime 1711653143.164
File G:\My Drive\venvs\django-webapp\lib\site-packages\django\utils\html.py first seen with mtime 1711653177.979
File C:\Users\agurtubayr001\AppData\Local\Programs\Python\Python39\Lib\importlib\__init__.py first seen with mtime 1652798710.0
File G:\My Drive\venvs\django-webapp\lib\site-packages\django\utils\ipv6.py first seen with mtime 1711653178.08
File G:\My Drive\venvs\django-webapp\lib\site-packages\django\views\generic\dates.py first seen with mtime 1711653179.85
File C:\Users\agurtubayr001\AppData\Local\Programs\Python\Python39\Lib\email\header.py first seen with mtime 1652798710.0
File G:\My Drive\PorraF1\website\f1porra_website\apps\public\__init__.py first seen with mtime 1711989231.925
File C:\Users\agurtubayr001\AppData\Local\Programs\Python\Python39\Lib\bisect.py first seen with mtime 1652798710.0
File G:\My Drive\PorraF1\website\f1porra_website\apps\public\templatetags\custom_filters.py first seen with mtime 1721385341.793
File G:\My Drive\venvs\django-webapp\lib\site-packages\django\templatetags\cache.py first seen with mtime 1711653176.106
File G:\My Drive\venvs\django-webapp\lib\site-packages\django\contrib\admin\widgets.py first seen with mtime 1711652982.328
File G:\My Drive\venvs\django-webapp\lib\site-packages\django\contrib\admin\templatetags\admin_list.py first seen with mtime 1711653016.514
File G:\My Drive\venvs\django-webapp\lib\site-packages\django\template\backends\django.py first seen with mtime 1711653175.647
File G:\My Drive\PorraF1\website\f1porra_website\apps\accounts\__init__.py first seen with mtime 1711989313.538
File C:\Users\agurtubayr001\AppData\Local\Programs\Python\Python39\Lib\sysconfig.py first seen with mtime 1652798710.0
File G:\My Drive\venvs\django-webapp\lib\site-packages\django\db\migrations\operations\models.py first seen with mtime 1711653166.381
File C:\Users\agurtubayr001\AppData\Local\Programs\Python\Python39\Lib\email\encoders.py first seen with mtime 1652798710.0
File G:\My Drive\PorraF1\website\f1porra_website\apps\public\urls.py first seen with mtime 1723389971.325
File C:\Users\agurtubayr001\AppData\Local\Programs\Python\Python39\Lib\gzip.py first seen with mtime 1652798710.0
File G:\My Drive\venvs\django-webapp\lib\site-packages\django\core\checks\__init__.py first seen with mtime 1711653159.47
File C:\Users\agurtubayr001\AppData\Local\Programs\Python\Python39\DLLs\_asyncio.pyd first seen with mtime 1652798762.0
File G:\My Drive\venvs\django-webapp\lib\site-packages\django\template\loaders\filesystem.py first seen with mtime 1711653175.992
File G:\My Drive\venvs\django-webapp\lib\site-packages\django\contrib\sessions\exceptions.py first seen with mtime 1711653129.039
File G:\My Drive\venvs\django-webapp\lib\site-packages\django\core\checks\urls.py first seen with mtime 1711653160.007
File G:\My Drive\venvs\django-webapp\lib\site-packages\django\templatetags\static.py first seen with mtime 1711653176.204
File G:\My Drive\venvs\django-webapp\lib\site-packages\sqlparse\cli.py first seen with mtime 1711652916.978
File G:\My Drive\venvs\django-webapp\lib\site-packages\django\contrib\messages\utils.py first seen with mtime 1711653101.394
File G:\My Drive\venvs\django-webapp\lib\site-packages\django\db\backends\signals.py first seen with mtime 1711653163.725
File G:\My Drive\venvs\django-webapp\lib\site-packages\django\contrib\staticfiles\management\commands\runserver.py first seen with mtime 1711653158.583
File G:\My Drive\venvs\django-webapp\lib\site-packages\django\utils\itercompat.py first seen with mtime 1711653178.118
File G:\My Drive\venvs\django-webapp\lib\site-packages\django\utils\log.py first seen with mtime 1711653178.183
File G:\My Drive\venvs\django-webapp\lib\site-packages\django\contrib\contenttypes\apps.py first seen with mtime 1711653043.825
File C:\Users\agurtubayr001\AppData\Local\Programs\Python\Python39\Lib\html\__init__.py first seen with mtime 1652798710.0
File G:\My Drive\venvs\django-webapp\lib\site-packages\django\contrib\admin\decorators.py first seen with mtime 1711652981.801
File G:\My Drive\venvs\django-webapp\lib\site-packages\pytz\lazy.py first seen with mtime 1713093338.57
File C:\Users\agurtubayr001\AppData\Local\Programs\Python\Python39\Lib\ssl.py first seen with mtime 1652798710.0
File C:\Users\agurtubayr001\AppData\Local\Programs\Python\Python39\Lib\site.py first seen with mtime 1652798710.0
File C:\Users\agurtubayr001\AppData\Local\Programs\Python\Python39\Lib\sre_constants.py first seen with mtime 1652798710.0
File G:\My Drive\venvs\django-webapp\lib\site-packages\django\db\models\sql\__init__.py first seen with mtime 1711653168.047
File C:\Users\agurtubayr001\AppData\Local\Programs\Python\Python39\DLLs\_ssl.pyd first seen with mtime 1652798762.0
File C:\Users\agurtubayr001\AppData\Local\Programs\Python\Python39\Lib\email\errors.py first seen with mtime 1652798710.0
File G:\My Drive\venvs\django-webapp\lib\site-packages\sqlparse\__init__.py first seen with mtime 1711652916.381
File G:\My Drive\venvs\django-webapp\lib\site-packages\django\templatetags\__init__.py first seen with mtime 1711653176.07
File G:\My Drive\venvs\django-webapp\lib\site-packages\django\core\serializers\python.py first seen with mtime 1711653163.251
File G:\My Drive\venvs\django-webapp\lib\site-packages\django\utils\timesince.py first seen with mtime 1711653178.62
File G:\My Drive\venvs\django-webapp\lib\site-packages\django\db\models\expressions.py first seen with mtime 1711653166.872
File G:\My Drive\venvs\django-webapp\lib\site-packages\django\db\migrations\operations\__init__.py first seen with mtime 1711653166.281
File G:\My Drive\venvs\django-webapp\lib\site-packages\django\conf\__init__.py first seen with mtime 1711652958.854
File C:\Users\agurtubayr001\AppData\Local\Programs\Python\Python39\Lib\email\mime\__init__.py first seen with mtime 1652798710.0
File G:\My Drive\venvs\django-webapp\lib\site-packages\django\contrib\messages\apps.py first seen with mtime 1711653101.067
File G:\My Drive\venvs\django-webapp\lib\site-packages\django\shortcuts.py first seen with mtime 1711652958.679
File G:\My Drive\venvs\django-webapp\lib\site-packages\django\db\models\fields\files.py first seen with mtime 1711653167.309
File G:\My Drive\venvs\django-webapp\lib\site-packages\django\contrib\admin\views\__init__.py first seen with mtime 1711653016.704
File G:\My Drive\venvs\django-webapp\lib\site-packages\django\db\models\signals.py first seen with mtime 1711653167.18
File G:\My Drive\venvs\django-webapp\lib\site-packages\django\core\handlers\base.py first seen with mtime 1711653160.971
File G:\My Drive\venvs\django-webapp\lib\site-packages\django\utils\numberformat.py first seen with mtime 1711653178.297
File G:\My Drive\venvs\django-webapp\lib\site-packages\django\contrib\contenttypes\admin.py first seen with mtime 1711653043.793
File G:\My Drive\venvs\django-webapp\lib\site-packages\asgiref\local.py first seen with mtime 1711652953.161
File G:\My Drive\venvs\django-webapp\lib\site-packages\django\db\models\query_utils.py first seen with mtime 1711653167.144
File G:\My Drive\venvs\django-webapp\lib\site-packages\django\core\files\base.py first seen with mtime 1711653160.324
File C:\Users\agurtubayr001\AppData\Local\Programs\Python\Python39\Lib\_markupbase.py first seen with mtime 1652798710.0
File G:\My Drive\venvs\django-webapp\lib\site-packages\django\db\backends\postgresql\schema.py first seen with mtime 1711653165.355
File G:\My Drive\venvs\django-webapp\lib\site-packages\django\db\models\options.py first seen with mtime 1711653167.07
File C:\Users\agurtubayr001\AppData\Local\Programs\Python\Python39\DLLs\_socket.pyd first seen with mtime 1652798762.0
File G:\My Drive\venvs\django-webapp\lib\site-packages\django\core\mail\utils.py first seen with mtime 1711653161.246
File C:\Users\agurtubayr001\AppData\Local\Programs\Python\Python39\Lib\encodings\__init__.py first seen with mtime 1652798710.0
File G:\My Drive\venvs\django-webapp\lib\site-packages\django\contrib\sessions\apps.py first seen with mtime 1711653128.975
File G:\My Drive\venvs\django-webapp\lib\site-packages\django\core\files\images.py first seen with mtime 1711653160.356
File G:\My Drive\venvs\django-webapp\lib\site-packages\django\db\migrations\__init__.py first seen with mtime 1711653165.754
File C:\Users\agurtubayr001\AppData\Local\Programs\Python\Python39\Lib\abc.py first seen with mtime 1652798710.0
File C:\Users\agurtubayr001\AppData\Local\Programs\Python\Python39\Lib\urllib\request.py first seen with mtime 1652798712.0
File G:\My Drive\venvs\django-webapp\lib\site-packages\django\core\validators.py first seen with mtime 1711653158.98
File G:\My Drive\venvs\django-webapp\lib\site-packages\django\contrib\admin\filters.py first seen with mtime 1711652981.885
File G:\My Drive\venvs\django-webapp\lib\site-packages\django\db\migrations\operations\fields.py first seen with mtime 1711653166.346
File G:\My Drive\venvs\django-webapp\lib\site-packages\django\utils\regex_helper.py first seen with mtime 1711653178.335
File C:\Users\agurtubayr001\AppData\Local\Programs\Python\Python39\Lib\__future__.py first seen with mtime 1652798710.0
File G:\My Drive\venvs\django-webapp\lib\site-packages\colorama\win32.py first seen with mtime 1721299540.186
File G:\My Drive\venvs\django-webapp\lib\site-packages\django\db\models\functions\window.py first seen with mtime 1711653167.967
File G:\My Drive\venvs\django-webapp\lib\site-packages\django\apps\registry.py first seen with mtime 1711652958.792
File G:\My Drive\venvs\django-webapp\lib\site-packages\django\core\management\color.py first seen with mtime 1711653161.696
File C:\Users\agurtubayr001\AppData\Local\Programs\Python\Python39\Lib\concurrent\futures\__init__.py first seen with mtime 1652798710.0
File C:\Users\agurtubayr001\AppData\Local\Programs\Python\Python39\Lib\asyncio\exceptions.py first seen with mtime 1652798710.0
File C:\Users\agurtubayr001\AppData\Local\Programs\Python\Python39\Lib\queue.py first seen with mtime 1652798710.0
File G:\My Drive\venvs\django-webapp\lib\site-packages\django\db\backends\__init__.py first seen with mtime 1711653163.583
File G:\My Drive\venvs\django-webapp\lib\site-packages\django\forms\models.py first seen with mtime 1711653170.368
File G:\My Drive\venvs\django-webapp\lib\site-packages\django\utils\dates.py first seen with mtime 1711653177.567
File G:\My Drive\venvs\django-webapp\lib\site-packages\django\utils\dateparse.py first seen with mtime 1711653177.529
File G:\My Drive\venvs\django-webapp\lib\site-packages\django\template\loaders\app_directories.py first seen with mtime 1711653175.822
File G:\My Drive\venvs\django-webapp\lib\site-packages\django\core\files\storage\handler.py first seen with mtime 1711653160.786
File C:\Users\agurtubayr001\AppData\Local\Programs\Python\Python39\Lib\email\iterators.py first seen with mtime 1652798710.0
File G:\My Drive\venvs\django-webapp\lib\site-packages\django\db\migrations\utils.py first seen with mtime 1711653166.166
File C:\Users\agurtubayr001\AppData\Local\Programs\Python\Python39\Lib\ctypes\__init__.py first seen with mtime 1652798710.0
File G:\My Drive\venvs\django-webapp\lib\site-packages\django\contrib\staticfiles\management\__init__.py first seen with mtime 1711653158.434
File C:\Users\agurtubayr001\AppData\Local\Programs\Python\Python39\Lib\email\message.py first seen with mtime 1652798710.0
File C:\Users\agurtubayr001\AppData\Local\Programs\Python\Python39\Lib\lzma.py first seen with mtime 1652798710.0
File C:\Users\agurtubayr001\AppData\Local\Programs\Python\Python39\Lib\email\feedparser.py first seen with mtime 1652798710.0
File C:\Users\agurtubayr001\AppData\Local\Programs\Python\Python39\Lib\genericpath.py first seen with mtime 1652798710.0
File C:\Users\agurtubayr001\AppData\Local\Programs\Python\Python39\Lib\html\parser.py first seen with mtime 1652798710.0
File G:\My Drive\venvs\django-webapp\lib\site-packages\django\core\cache\backends\__init__.py first seen with mtime 1711653159.15
File C:\Users\agurtubayr001\AppData\Local\Programs\Python\Python39\Lib\gettext.py first seen with mtime 1652798710.0
File G:\My Drive\venvs\django-webapp\lib\site-packages\psycopg2\sql.py first seen with mtime 1723571634.598
File C:\Users\agurtubayr001\AppData\Local\Programs\Python\Python39\Lib\asyncio\subprocess.py first seen with mtime 1652798710.0
File G:\My Drive\venvs\django-webapp\lib\site-packages\django\core\files\utils.py first seen with mtime 1711653160.628
File C:\Users\agurtubayr001\AppData\Local\Programs\Python\Python39\Lib\asyncio\windows_events.py first seen with mtime 1652798710.0
File G:\My Drive\venvs\django-webapp\lib\site-packages\django\contrib\staticfiles\finders.py first seen with mtime 1711653158.176
File C:\Users\agurtubayr001\AppData\Local\Programs\Python\Python39\Lib\asyncio\coroutines.py first seen with mtime 1652798710.0
File G:\My Drive\venvs\django-webapp\lib\site-packages\django\contrib\admin\views\main.py first seen with mtime 1711653016.81
File G:\My Drive\venvs\django-webapp\lib\site-packages\django\contrib\staticfiles\__init__.py first seen with mtime 1711653158.077
File C:\Users\agurtubayr001\AppData\Local\Programs\Python\Python39\Lib\contextvars.py first seen with mtime 1652798710.0
File C:\Users\agurtubayr001\AppData\Local\Programs\Python\Python39\DLLs\_ctypes.pyd first seen with mtime 1652798762.0
File C:\Users\agurtubayr001\AppData\Local\Programs\Python\Python39\Lib\urllib\error.py first seen with mtime 1652798712.0
File G:\My Drive\venvs\django-webapp\lib\site-packages\django\template\response.py first seen with mtime 1711653175.355
File G:\My Drive\venvs\django-webapp\lib\site-packages\django\db\backends\base\features.py first seen with mtime 1711653164.016
File C:\Users\agurtubayr001\AppData\Local\Programs\Python\Python39\Lib\importlib\abc.py first seen with mtime 1652798710.0
File G:\My Drive\venvs\django-webapp\lib\site-packages\django\contrib\admin\models.py first seen with mtime 1711652982.043
File C:\Users\agurtubayr001\AppData\Local\Programs\Python\Python39\Lib\asyncio\proactor_events.py first seen with mtime 1652798710.0
File G:\My Drive\venvs\django-webapp\lib\site-packages\django\db\models\sql\constants.py first seen with mtime 1711653168.119
File G:\My Drive\venvs\django-webapp\lib\site-packages\django\forms\__init__.py first seen with mtime 1711653168.447
File G:\My Drive\venvs\django-webapp\lib\site-packages\django\views\i18n.py first seen with mtime 1711653179.253
File G:\My Drive\venvs\django-webapp\lib\site-packages\django\contrib\contenttypes\forms.py first seen with mtime 1711653044.004
File G:\My Drive\venvs\django-webapp\lib\site-packages\django\template\base.py first seen with mtime 1711653175.031
File G:\My Drive\venvs\django-webapp\lib\site-packages\django\contrib\staticfiles\utils.py first seen with mtime 1711653158.36
File G:\My Drive\venvs\django-webapp\lib\site-packages\django\core\checks\compatibility\__init__.py first seen with mtime 1711653160.048
File G:\My Drive\venvs\django-webapp\lib\site-packages\django\apps\config.py first seen with mtime 1711652958.76
File C:\Users\agurtubayr001\AppData\Local\Programs\Python\Python39\Lib\encodings\utf_8.py first seen with mtime 1652798710.0
File C:\Users\agurtubayr001\AppData\Local\Programs\Python\Python39\Lib\asyncio\base_futures.py first seen with mtime 1652798710.0
File G:\My Drive\venvs\django-webapp\lib\site-packages\django\db\migrations\state.py first seen with mtime 1711653166.13
File C:\Users\agurtubayr001\AppData\Local\Programs\Python\Python39\Lib\asyncio\sslproto.py first seen with mtime 1652798710.0
File C:\Users\agurtubayr001\AppData\Local\Programs\Python\Python39\Lib\copyreg.py first seen with mtime 1652798710.0
File G:\My Drive\venvs\django-webapp\lib\site-packages\sqlparse\engine\__init__.py first seen with mtime 1711652919.715
File C:\Users\agurtubayr001\AppData\Local\Programs\Python\Python39\Lib\wsgiref\headers.py first seen with mtime 1652798712.0
File G:\My Drive\venvs\django-webapp\lib\site-packages\django\db\backends\base\introspection.py first seen with mtime 1711653164.052
File G:\My Drive\venvs\django-webapp\lib\site-packages\django\utils\text.py first seen with mtime 1711653178.586
File G:\My Drive\venvs\django-webapp\lib\site-packages\django\contrib\auth\checks.py first seen with mtime 1711653031.086
File C:\Users\agurtubayr001\AppData\Local\Programs\Python\Python39\Lib\concurrent\futures\thread.py first seen with mtime 1652798710.0
File G:\My Drive\venvs\django-webapp\lib\site-packages\django\core\handlers\asgi.py first seen with mtime 1711653160.94
File G:\My Drive\venvs\django-webapp\lib\site-packages\django\core\serializers\base.py first seen with mtime 1711653163.054
File C:\Users\agurtubayr001\AppData\Local\Programs\Python\Python39\Lib\reprlib.py first seen with mtime 1652798710.0
File G:\My Drive\venvs\django-webapp\lib\site-packages\django\db\models\sql\subqueries.py first seen with mtime 1711653168.231
File C:\Users\agurtubayr001\AppData\Local\Programs\Python\Python39\DLLs\_lzma.pyd first seen with mtime 1652798762.0
File G:\My Drive\venvs\django-webapp\lib\site-packages\django\core\signals.py first seen with mtime 1711653158.908
File C:\Users\agurtubayr001\AppData\Local\Programs\Python\Python39\Lib\threading.py first seen with mtime 1652798712.0
File G:\My Drive\venvs\django-webapp\lib\site-packages\django\views\decorators\debug.py first seen with mtime 1711653179.629
File C:\Users\agurtubayr001\AppData\Local\Programs\Python\Python39\Lib\json\encoder.py first seen with mtime 1652798710.0
File C:\Users\agurtubayr001\AppData\Local\Programs\Python\Python39\Lib\asyncio\constants.py first seen with mtime 1652798710.0
File C:\Users\agurtubayr001\AppData\Local\Programs\Python\Python39\Lib\html\entities.py first seen with mtime 1652798710.0
File G:\My Drive\venvs\django-webapp\lib\site-packages\django\contrib\admin\__init__.py first seen with mtime 1711652981.634
File C:\Users\agurtubayr001\AppData\Local\Programs\Python\Python39\Lib\asyncio\trsock.py first seen with mtime 1652798710.0
File G:\My Drive\venvs\django-webapp\lib\site-packages\django\contrib\contenttypes\models.py first seen with mtime 1711653044.042
File C:\Users\agurtubayr001\AppData\Local\Programs\Python\Python39\Lib\struct.py first seen with mtime 1652798710.0
File C:\Users\agurtubayr001\AppData\Local\Programs\Python\Python39\Lib\asyncio\queues.py first seen with mtime 1652798710.0
File G:\My Drive\venvs\django-webapp\lib\site-packages\django\urls\conf.py first seen with mtime 1711653176.861
File G:\My Drive\venvs\django-webapp\lib\site-packages\django\core\signing.py first seen with mtime 1711653158.942
File G:\My Drive\venvs\django-webapp\lib\site-packages\django\forms\fields.py first seen with mtime 1711653170.258
File C:\Users\agurtubayr001\AppData\Local\Programs\Python\Python39\Lib\http\server.py first seen with mtime 1652798710.0
File G:\My Drive\venvs\django-webapp\lib\site-packages\django\template\utils.py first seen with mtime 1711653175.426
File C:\Users\agurtubayr001\AppData\Local\Programs\Python\Python39\Lib\http\cookies.py first seen with mtime 1652798710.0
File G:\My Drive\venvs\django-webapp\lib\site-packages\django\views\defaults.py first seen with mtime 1711653179.219
File C:\Users\agurtubayr001\AppData\Local\Programs\Python\Python39\Lib\email\_parseaddr.py first seen with mtime 1652798710.0
File G:\My Drive\venvs\django-webapp\lib\site-packages\typing_extensions.py first seen with mtime 1711652909.312
File G:\My Drive\venvs\django-webapp\lib\site-packages\django\conf\urls\static.py first seen with mtime 1711652981.51
File G:\My Drive\venvs\django-webapp\lib\site-packages\django\conf\global_settings.py first seen with mtime 1711652958.888
File G:\My Drive\venvs\django-webapp\lib\site-packages\django\http\response.py first seen with mtime 1711653174.586
File C:\Users\agurtubayr001\AppData\Local\Programs\Python\Python39\Lib\email\parser.py first seen with mtime 1652798710.0
File C:\Users\agurtubayr001\AppData\Local\Programs\Python\Python39\Lib\typing.py first seen with mtime 1652798712.0
File C:\Users\agurtubayr001\AppData\Local\Programs\Python\Python39\Lib\concurrent\__init__.py first seen with mtime 1652798710.0
File G:\My Drive\venvs\django-webapp\lib\site-packages\django\views\generic\edit.py first seen with mtime 1711653179.91
File G:\My Drive\venvs\django-webapp\lib\site-packages\django\db\backends\base\client.py first seen with mtime 1711653163.951
File C:\Users\agurtubayr001\AppData\Local\Programs\Python\Python39\Lib\asyncio\transports.py first seen with mtime 1652798710.0
File C:\Users\agurtubayr001\AppData\Local\Programs\Python\Python39\Lib\email\_policybase.py first seen with mtime 1652798710.0
File G:\My Drive\venvs\django-webapp\lib\site-packages\sqlparse\formatter.py first seen with mtime 1711652918.05
File G:\My Drive\venvs\django-webapp\lib\site-packages\django\urls\base.py first seen with mtime 1711653176.832
File G:\My Drive\venvs\django-webapp\lib\site-packages\django\core\checks\security\__init__.py first seen with mtime 1711653160.124
File G:\My Drive\venvs\django-webapp\lib\site-packages\sqlparse\filters\output.py first seen with mtime 1711652922.196
File G:\My Drive\venvs\django-webapp\lib\site-packages\django\core\files\storage\filesystem.py first seen with mtime 1711653160.751
File C:\Users\agurtubayr001\AppData\Local\Programs\Python\Python39\Lib\shutil.py first seen with mtime 1652798710.0
File C:\Users\agurtubayr001\AppData\Local\Programs\Python\Python39\Lib\email\policy.py first seen with mtime 1652798710.0
File G:\My Drive\venvs\django-webapp\lib\site-packages\django\views\decorators\csrf.py first seen with mtime 1711653179.597
File G:\My Drive\venvs\django-webapp\lib\site-packages\django\template\autoreload.py first seen with mtime 1711653175.0
File C:\Users\agurtubayr001\AppData\Local\Programs\Python\Python39\Lib\zoneinfo\_tzpath.py first seen with mtime 1652798712.0
File G:\My Drive\venvs\django-webapp\lib\site-packages\django\contrib\contenttypes\__init__.py first seen with mtime 1711653043.76
File C:\Users\agurtubayr001\AppData\Local\Programs\Python\Python39\Lib\asyncio\staggered.py first seen with mtime 1652798710.0
File G:\My Drive\venvs\django-webapp\lib\site-packages\django\http\request.py first seen with mtime 1711653174.556
File G:\My Drive\venvs\django-webapp\lib\site-packages\django\contrib\admin\sites.py first seen with mtime 1711652982.164
File G:\My Drive\venvs\django-webapp\lib\site-packages\sqlparse\filters\tokens.py first seen with mtime 1711652922.883
File G:\My Drive\venvs\django-webapp\lib\site-packages\django\contrib\auth\base_user.py first seen with mtime 1711653031.048
File G:\My Drive\PorraF1\website\f1porra_website\apps\__init__.py first seen with mtime 1711989116.894
File C:\Users\agurtubayr001\AppData\Local\Programs\Python\Python39\Lib\types.py first seen with mtime 1652798712.0
File G:\My Drive\venvs\django-webapp\lib\site-packages\django\urls\__init__.py first seen with mtime 1711653176.797
File C:\Users\agurtubayr001\AppData\Local\Programs\Python\Python39\Lib\subprocess.py first seen with mtime 1652798710.0
File C:\Users\agurtubayr001\AppData\Local\Programs\Python\Python39\Lib\ctypes\_endian.py first seen with mtime 1652798710.0
File G:\My Drive\venvs\django-webapp\lib\site-packages\django\db\models\indexes.py first seen with mtime 1711653166.904
File C:\Users\agurtubayr001\AppData\Local\Programs\Python\Python39\Lib\fnmatch.py first seen with mtime 1652798710.0
File G:\My Drive\PorraF1\website\f1porra_website\apps\accounts\views.py first seen with mtime 1723053967.931
File G:\My Drive\venvs\django-webapp\lib\site-packages\django\core\cache\utils.py first seen with mtime 1711653159.105
File G:\My Drive\venvs\django-webapp\lib\site-packages\django\db\models\constants.py first seen with mtime 1711653166.741
File G:\My Drive\venvs\django-webapp\lib\site-packages\django\urls\converters.py first seen with mtime 1711653176.891
File C:\Users\agurtubayr001\AppData\Local\Programs\Python\Python39\Lib\os.py first seen with mtime 1652798710.0
File C:\Users\agurtubayr001\AppData\Local\Programs\Python\Python39\Lib\asyncio\selector_events.py first seen with mtime 1652798710.0
File G:\My Drive\venvs\django-webapp\lib\site-packages\django\core\__init__.py first seen with mtime 1711653158.744
File G:\My Drive\venvs\django-webapp\lib\site-packages\django\db\backends\base\operations.py first seen with mtime 1711653164.087
File C:\Users\agurtubayr001\AppData\Local\Programs\Python\Python39\Lib\glob.py first seen with mtime 1652798710.0
File C:\Users\agurtubayr001\AppData\Local\Programs\Python\Python39\Lib\tokenize.py first seen with mtime 1652798712.0
File G:\My Drive\venvs\django-webapp\lib\site-packages\django\contrib\messages\__init__.py first seen with mtime 1711653100.998
File C:\Users\agurtubayr001\AppData\Local\Programs\Python\Python39\Lib\asyncio\log.py first seen with mtime 1652798710.0
File G:\My Drive\venvs\django-webapp\lib\site-packages\django\contrib\sessions\backends\base.py first seen with mtime 1711653129.216
File G:\My Drive\venvs\django-webapp\lib\site-packages\django\forms\formsets.py first seen with mtime 1711653170.324
File G:\My Drive\venvs\django-webapp\lib\site-packages\django\urls\utils.py first seen with mtime 1711653176.999
File C:\Users\agurtubayr001\AppData\Local\Programs\Python\Python39\Lib\getpass.py first seen with mtime 1652798710.0
File C:\Users\agurtubayr001\AppData\Local\Programs\Python\Python39\Lib\hmac.py first seen with mtime 1652798710.0
File C:\Users\agurtubayr001\AppData\Local\Programs\Python\Python39\Lib\secrets.py first seen with mtime 1652798710.0
File G:\My Drive\venvs\django-webapp\lib\site-packages\django\views\generic\base.py first seen with mtime 1711653179.816
File G:\My Drive\venvs\django-webapp\lib\site-packages\django\contrib\auth\hashers.py first seen with mtime 1711653031.271
File C:\Users\agurtubayr001\AppData\Local\Programs\Python\Python39\Lib\linecache.py first seen with mtime 1652798710.0
File G:\My Drive\PorraF1\website\manage.py first seen with mtime 1711653736.104
File G:\My Drive\venvs\django-webapp\lib\site-packages\django\contrib\messages\storage\base.py first seen with mtime 1711653101.52
File G:\My Drive\venvs\django-webapp\lib\site-packages\django\middleware\common.py first seen with mtime 1711653174.722
File G:\My Drive\venvs\django-webapp\lib\site-packages\django\db\models\manager.py first seen with mtime 1711653167.033
File C:\Users\agurtubayr001\AppData\Local\Programs\Python\Python39\Lib\asyncio\streams.py first seen with mtime 1652798710.0
File G:\My Drive\venvs\django-webapp\lib\site-packages\django\db\models\functions\text.py first seen with mtime 1711653167.929
File C:\Users\agurtubayr001\AppData\Local\Programs\Python\Python39\Lib\wsgiref\handlers.py first seen with mtime 1652798712.0
File G:\My Drive\venvs\django-webapp\lib\site-packages\django\contrib\admin\templatetags\base.py first seen with mtime 1711653016.624
File G:\My Drive\venvs\django-webapp\lib\site-packages\django\utils\formats.py first seen with mtime 1711653177.847
File G:\My Drive\venvs\django-webapp\lib\site-packages\django\core\wsgi.py first seen with mtime 1711653159.012
File G:\My Drive\venvs\django-webapp\lib\site-packages\django\utils\translation\__init__.py first seen with mtime 1711653178.899
File G:\My Drive\venvs\django-webapp\lib\site-packages\django\utils\translation\trans_real.py first seen with mtime 1711653179.044
File G:\My Drive\venvs\django-webapp\lib\site-packages\django\contrib\messages\storage\__init__.py first seen with mtime 1711653101.486
File G:\My Drive\venvs\django-webapp\lib\site-packages\django\contrib\sessions\base_session.py first seen with mtime 1711653129.005
File G:\My Drive\venvs\django-webapp\lib\site-packages\django\db\models\enums.py first seen with mtime 1711653166.837
File C:\Users\agurtubayr001\AppData\Local\Programs\Python\Python39\Lib\email\mime\multipart.py first seen with mtime 1652798710.0
File G:\My Drive\venvs\django-webapp\lib\site-packages\django\db\backends\postgresql\features.py first seen with mtime 1711653165.226
File C:\Users\agurtubayr001\AppData\Local\Programs\Python\Python39\Lib\email\mime\message.py first seen with mtime 1652798710.0
File C:\Users\agurtubayr001\AppData\Local\Programs\Python\Python39\Lib\codecs.py first seen with mtime 1652798710.0
File G:\My Drive\venvs\django-webapp\lib\site-packages\django\dispatch\__init__.py first seen with mtime 1711653168.324
File G:\My Drive\venvs\django-webapp\lib\site-packages\django\utils\lorem_ipsum.py first seen with mtime 1711653178.215
File G:\My Drive\venvs\django-webapp\lib\site-packages\sqlparse\engine\filter_stack.py first seen with mtime 1711652919.995
File C:\Users\agurtubayr001\AppData\Local\Programs\Python\Python39\Lib\copy.py first seen with mtime 1652798710.0
File C:\Users\agurtubayr001\AppData\Local\Programs\Python\Python39\Lib\inspect.py first seen with mtime 1652798710.0
File G:\My Drive\venvs\django-webapp\lib\site-packages\django\core\checks\templates.py first seen with mtime 1711653159.936
File C:\Users\agurtubayr001\AppData\Local\Programs\Python\Python39\Lib\platform.py first seen with mtime 1652798710.0
File G:\My Drive\venvs\django-webapp\lib\site-packages\django\core\serializers\json.py first seen with mtime 1711653163.167
File G:\My Drive\venvs\django-webapp\lib\site-packages\django\db\backends\base\validation.py first seen with mtime 1711653164.16
File G:\My Drive\venvs\django-webapp\lib\site-packages\sqlparse\keywords.py first seen with mtime 1711652918.159
File C:\Users\agurtubayr001\AppData\Local\Programs\Python\Python39\Lib\keyword.py first seen with mtime 1652798710.0
File G:\My Drive\venvs\django-webapp\lib\site-packages\django\http\multipartparser.py first seen with mtime 1711653174.524
File G:\My Drive\venvs\django-webapp\lib\site-packages\django\db\backends\postgresql\introspection.py first seen with mtime 1711653165.257
File G:\My Drive\venvs\django-webapp\lib\site-packages\django\core\mail\__init__.py first seen with mtime 1711653161.166
File C:\Users\agurtubayr001\AppData\Local\Programs\Python\Python39\Lib\uuid.py first seen with mtime 1652798712.0
File G:\My Drive\venvs\django-webapp\lib\site-packages\django\core\files\move.py first seen with mtime 1711653160.489
File G:\My Drive\venvs\django-webapp\lib\site-packages\django\db\models\fields\related_lookups.py first seen with mtime 1711653167.61
File G:\My Drive\venvs\django-webapp\lib\site-packages\sqlparse\exceptions.py first seen with mtime 1711652917.755
File C:\Users\agurtubayr001\AppData\Local\Programs\Python\Python39\DLLs\select.pyd first seen with mtime 1652798762.0
File G:\My Drive\venvs\django-webapp\lib\site-packages\django\utils\dateformat.py first seen with mtime 1711653177.497
File G:\My Drive\PorraF1\website\f1porra_website\templates\base.html first seen with mtime 1723391170.027
File G:\My Drive\PorraF1\website\f1porra_website\templates\home.html first seen with mtime 1723110869.104
File G:\My Drive\PorraF1\website\f1porra_website\templates\rules.html first seen with mtime 1711722987.753
File G:\My Drive\PorraF1\website\f1porra_website\templates\standings.html first seen with mtime 1723486505.458
File G:\My Drive\PorraF1\website\f1porra_website\templates\prices.html first seen with mtime 1711746584.728
File G:\My Drive\PorraF1\website\f1porra_website\templates\statistics.html first seen with mtime 1711746665.266
File G:\My Drive\PorraF1\website\f1porra_website\templates\accounts first seen with mtime 1723188444.815
File G:\My Drive\PorraF1\website\f1porra_website\templates\team.html first seen with mtime 1723110875.238
File G:\My Drive\PorraF1\website\f1porra_website\templates\view_team.html first seen with mtime 1723565497.449
File G:\My Drive\PorraF1\website\f1porra_website\templates\accounts\login.html first seen with mtime 1723030960.937
File G:\My Drive\PorraF1\website\f1porra_website\templates\accounts\profile.html first seen with mtime 1723188444.81
File G:\My Drive\PorraF1\website\f1porra_website\templates\accounts\password_reset_form.html first seen with mtime 1723030247.727
File G:\My Drive\PorraF1\website\f1porra_website\templates\accounts\password_reset_done.html first seen with mtime 1722791577.402
File G:\My Drive\PorraF1\website\f1porra_website\templates\accounts\password_reset_confirm.html first seen with mtime 1722792018.7
File G:\My Drive\PorraF1\website\f1porra_website\templates\accounts\password_reset_complete.html first seen with mtime 1722791760.592
File G:\My Drive\venvs\django-webapp\lib\site-packages\PIL\_typing.py first seen with mtime 1723048399.905
File G:\My Drive\venvs\django-webapp\lib\site-packages\numpy\core\shape_base.py first seen with mtime 1713093350.755
File G:\My Drive\venvs\django-webapp\lib\site-packages\numpy\lib\arraysetops.py first seen with mtime 1713093360.622
File G:\My Drive\venvs\django-webapp\lib\site-packages\numpy\core\einsumfunc.py first seen with mtime 1713093350.429
File G:\My Drive\venvs\django-webapp\lib\site-packages\numpy\compat\py3k.py first seen with mtime 1713093350.211
File G:\My Drive\venvs\django-webapp\lib\site-packages\numpy\core\getlimits.py first seen with mtime 1713093350.524
File G:\My Drive\venvs\django-webapp\lib\site-packages\numpy\_globals.py first seen with mtime 1713093349.58
File G:\My Drive\venvs\django-webapp\lib\site-packages\numpy\core\_machar.py first seen with mtime 1713093350.941
File G:\My Drive\venvs\django-webapp\lib\site-packages\numpy\lib\stride_tricks.py first seen with mtime 1713093361.156
File G:\My Drive\venvs\django-webapp\lib\site-packages\numpy\_utils\_inspect.py first seen with mtime 1713093368.886
File G:\My Drive\venvs\django-webapp\lib\site-packages\numpy\core\fromnumeric.py first seen with mtime 1713093350.463
File G:\My Drive\venvs\django-webapp\lib\site-packages\numpy\_typing\_shape.py first seen with mtime 1713093368.805
File C:\Users\agurtubayr001\AppData\Local\Programs\Python\Python39\Lib\textwrap.py first seen with mtime 1652798712.0
File G:\My Drive\venvs\django-webapp\lib\site-packages\numpy\__init__.py first seen with mtime 1713093349.67
File G:\My Drive\venvs\django-webapp\lib\site-packages\numpy\core\_multiarray_umath.cp39-win_amd64.pyd first seen with mtime 1713093351.054
File G:\My Drive\venvs\django-webapp\lib\site-packages\numpy\_typing\_scalars.py first seen with mtime 1713093368.789
File G:\My Drive\venvs\django-webapp\lib\site-packages\numpy\core\defchararray.py first seen with mtime 1713093350.39
File G:\My Drive\venvs\django-webapp\lib\site-packages\numpy\compat\__init__.py first seen with mtime 1713093350.249
File G:\My Drive\venvs\django-webapp\lib\site-packages\numpy\core\_multiarray_tests.cp39-win_amd64.pyd first seen with mtime 1713093350.998
File G:\My Drive\venvs\django-webapp\lib\site-packages\PIL\_version.py first seen with mtime 1723048399.943
File G:\My Drive\venvs\django-webapp\lib\site-packages\numpy\lib\scimath.py first seen with mtime 1713093361.073
File G:\My Drive\venvs\django-webapp\lib\site-packages\numpy\lib\__init__.py first seen with mtime 1713093361.387
File G:\My Drive\venvs\django-webapp\lib\site-packages\numpy\lib\nanfunctions.py first seen with mtime 1713093360.924
File G:\My Drive\venvs\django-webapp\lib\site-packages\numpy\core\_string_helpers.py first seen with mtime 1713093351.197
File G:\My Drive\venvs\django-webapp\lib\site-packages\numpy\core\__init__.py first seen with mtime 1713093351.332
File G:\My Drive\venvs\django-webapp\lib\site-packages\numpy\lib\mixins.py first seen with mtime 1713093360.884
File G:\My Drive\venvs\django-webapp\lib\site-packages\numpy\core\_ufunc_config.py first seen with mtime 1713093351.277
File G:\My Drive\venvs\django-webapp\lib\site-packages\numpy\core\umath.py first seen with mtime 1713093350.783
File G:\My Drive\venvs\django-webapp\lib\site-packages\numpy\core\multiarray.py first seen with mtime 1713093350.598
File G:\My Drive\venvs\django-webapp\lib\site-packages\numpy\core\records.py first seen with mtime 1713093350.727
File G:\My Drive\venvs\django-webapp\lib\site-packages\numpy\matrixlib\defmatrix.py first seen with mtime 1713093362.698
File G:\My Drive\venvs\django-webapp\lib\site-packages\numpy\core\_asarray.py first seen with mtime 1713093350.841
File G:\My Drive\venvs\django-webapp\lib\site-packages\numpy\lib\function_base.py first seen with mtime 1713093360.736
File G:\My Drive\venvs\django-webapp\lib\site-packages\numpy\core\function_base.py first seen with mtime 1713093350.492
File G:\My Drive\venvs\django-webapp\lib\site-packages\numpy\core\_exceptions.py first seen with mtime 1713093350.899
File G:\My Drive\venvs\django-webapp\lib\site-packages\PIL\TiffTags.py first seen with mtime 1723048399.133
File G:\My Drive\venvs\django-webapp\lib\site-packages\numpy\_typing\_nested_sequence.py first seen with mtime 1713093368.772
File G:\My Drive\venvs\django-webapp\lib\site-packages\numpy\_distributor_init.py first seen with mtime 1713093349.567
File G:\My Drive\venvs\django-webapp\lib\site-packages\PIL\ImageMode.py first seen with mtime 1723048397.84
File G:\My Drive\venvs\django-webapp\lib\site-packages\numpy\dtypes.py first seen with mtime 1713093349.464
File G:\My Drive\venvs\django-webapp\lib\site-packages\numpy\lib\type_check.py first seen with mtime 1713093361.213
File G:\My Drive\venvs\django-webapp\lib\site-packages\numpy\core\arrayprint.py first seen with mtime 1713093350.334
File G:\My Drive\venvs\django-webapp\lib\site-packages\numpy\linalg\_umath_linalg.cp39-win_amd64.pyd first seen with mtime 1713093362.037
File G:\My Drive\venvs\django-webapp\lib\site-packages\numpy\lib\polynomial.py first seen with mtime 1713093361.012
File G:\My Drive\venvs\django-webapp\lib\site-packages\numpy\exceptions.py first seen with mtime 1713093349.492
File G:\My Drive\venvs\django-webapp\lib\site-packages\numpy\core\numeric.py first seen with mtime 1713093350.634
File G:\My Drive\venvs\django-webapp\lib\site-packages\numpy\version.py first seen with mtime 1713093349.553
File G:\My Drive\venvs\django-webapp\lib\site-packages\numpy\core\_dtype.py first seen with mtime 1713093350.869
File G:\My Drive\venvs\django-webapp\lib\site-packages\numpy\lib\npyio.py first seen with mtime 1713093360.964
File G:\My Drive\venvs\django-webapp\lib\site-packages\numpy\lib\histograms.py first seen with mtime 1713093360.786
File G:\My Drive\venvs\django-webapp\lib\site-packages\numpy\core\_add_newdocs.py first seen with mtime 1713093350.814
File G:\My Drive\venvs\django-webapp\lib\site-packages\numpy\matrixlib\__init__.py first seen with mtime 1713093362.747
File G:\My Drive\venvs\django-webapp\lib\site-packages\numpy\core\_internal.py first seen with mtime 1713093350.914
File G:\My Drive\venvs\django-webapp\lib\site-packages\numpy\_pytesttester.py first seen with mtime 1713093349.592
File G:\My Drive\venvs\django-webapp\lib\site-packages\numpy\linalg\linalg.py first seen with mtime 1713093361.985
File G:\My Drive\venvs\django-webapp\lib\site-packages\numpy\__config__.py first seen with mtime 1713093349.623
File G:\My Drive\venvs\django-webapp\lib\site-packages\numpy\lib\twodim_base.py first seen with mtime 1713093361.186
File G:\My Drive\venvs\django-webapp\lib\site-packages\PIL\Image.py first seen with mtime 1723048397.471
File G:\My Drive\venvs\django-webapp\lib\site-packages\numpy\lib\shape_base.py first seen with mtime 1713093361.126
File G:\My Drive\venvs\django-webapp\lib\site-packages\numpy\_utils\__init__.py first seen with mtime 1713093368.915
File G:\My Drive\venvs\django-webapp\lib\site-packages\numpy\_typing\_dtype_like.py first seen with mtime 1713093368.703
File G:\My Drive\venvs\django-webapp\lib\site-packages\numpy\core\numerictypes.py first seen with mtime 1713093350.684
File G:\My Drive\venvs\django-webapp\lib\site-packages\PIL\_binary.py first seen with mtime 1723048399.44
File G:\My Drive\venvs\django-webapp\lib\site-packages\PIL\_deprecate.py first seen with mtime 1723048399.468
File G:\My Drive\venvs\django-webapp\lib\site-packages\numpy\_typing\_char_codes.py first seen with mtime 1713093368.677
File G:\My Drive\venvs\django-webapp\lib\site-packages\numpy\core\_add_newdocs_scalars.py first seen with mtime 1713093350.829
File G:\My Drive\venvs\django-webapp\lib\site-packages\numpy\_utils\_convertions.py first seen with mtime 1713093368.872
File G:\My Drive\venvs\django-webapp\lib\site-packages\PIL\ExifTags.py first seen with mtime 1723048397.04
File G:\My Drive\venvs\django-webapp\lib\site-packages\numpy\linalg\__init__.py first seen with mtime 1713093362.049
File G:\My Drive\venvs\django-webapp\lib\site-packages\numpy\core\_type_aliases.py first seen with mtime 1713093351.245
File G:\My Drive\venvs\django-webapp\lib\site-packages\numpy\lib\utils.py first seen with mtime 1713093361.292
File G:\My Drive\venvs\django-webapp\lib\site-packages\numpy\core\_methods.py first seen with mtime 1713093350.956
File G:\My Drive\venvs\django-webapp\lib\site-packages\numpy\_typing\_array_like.py first seen with mtime 1713093368.606
File G:\My Drive\venvs\django-webapp\lib\site-packages\numpy\_typing\_nbit.py first seen with mtime 1713093368.748
File G:\My Drive\venvs\django-webapp\lib\site-packages\numpy\core\_dtype_ctypes.py first seen with mtime 1713093350.884
File G:\My Drive\venvs\django-webapp\lib\site-packages\numpy\_typing\__init__.py first seen with mtime 1713093368.845
File G:\My Drive\venvs\django-webapp\lib\site-packages\numpy\core\overrides.py first seen with mtime 1713093350.713
File G:\My Drive\venvs\django-webapp\lib\site-packages\numpy\core\memmap.py first seen with mtime 1713093350.559
File G:\My Drive\venvs\django-webapp\lib\site-packages\numpy\lib\index_tricks.py first seen with mtime 1713093360.834
File G:\My Drive\venvs\django-webapp\lib\site-packages\numpy\lib\ufunclike.py first seen with mtime 1713093361.245
File G:\My Drive\venvs\django-webapp\lib\site-packages\numpy\_typing\_add_docstring.py first seen with mtime 1713093368.579
File G:\My Drive\venvs\django-webapp\lib\site-packages\numpy\lib\format.py first seen with mtime 1713093360.697
File G:\My Drive\venvs\django-webapp\lib\site-packages\numpy\ctypeslib.py first seen with mtime 1713093349.438
File G:\My Drive\venvs\django-webapp\lib\site-packages\numpy\ma\core.py first seen with mtime 1713093362.211
File G:\My Drive\venvs\django-webapp\lib\site-packages\numpy\polynomial\laguerre.py first seen with mtime 1713093363.095
File G:\My Drive\venvs\django-webapp\lib\site-packages\numpy\polynomial\_polybase.py first seen with mtime 1713093363.273
File G:\My Drive\venvs\django-webapp\lib\site-packages\numpy\random\mtrand.cp39-win_amd64.pyd first seen with mtime 1713093363.856
File G:\My Drive\venvs\django-webapp\lib\site-packages\numpy\lib\_iotools.py first seen with mtime 1713093361.342
File G:\My Drive\venvs\django-webapp\lib\site-packages\numpy\lib\arraypad.py first seen with mtime 1713093360.597
File G:\My Drive\venvs\django-webapp\lib\site-packages\numpy\polynomial\legendre.py first seen with mtime 1713093363.132
File G:\My Drive\venvs\django-webapp\lib\site-packages\numpy\lib\_datasource.py first seen with mtime 1713093361.326
File G:\My Drive\venvs\django-webapp\lib\site-packages\cffi\error.py first seen with mtime 1722501139.665
File G:\My Drive\venvs\django-webapp\lib\site-packages\numpy\random\_pcg64.cp39-win_amd64.pyd first seen with mtime 1713093364.204
File G:\My Drive\venvs\django-webapp\lib\site-packages\numpy\polynomial\polyutils.py first seen with mtime 1713093363.213
File G:\My Drive\venvs\django-webapp\lib\site-packages\PIL\_imaging.cp39-win_amd64.pyd first seen with mtime 1723048399.53
File G:\My Drive\venvs\django-webapp\lib\site-packages\numpy\random\_sfc64.cp39-win_amd64.pyd first seen with mtime 1713093364.331
File G:\My Drive\venvs\django-webapp\lib\site-packages\numpy\fft\_pocketfft_internal.cp39-win_amd64.pyd first seen with mtime 1713093360.507
File G:\My Drive\venvs\django-webapp\lib\site-packages\cffi\__init__.py first seen with mtime 1722501139.454
File G:\My Drive\venvs\django-webapp\lib\site-packages\numpy\lib\arrayterator.py first seen with mtime 1713093360.659
File G:\My Drive\venvs\django-webapp\lib\site-packages\numpy\polynomial\polynomial.py first seen with mtime 1713093363.169
File G:\My Drive\venvs\django-webapp\lib\site-packages\numpy\random\_common.cp39-win_amd64.pyd first seen with mtime 1713093364.01
File G:\My Drive\venvs\django-webapp\lib\site-packages\numpy\random\_philox.cp39-win_amd64.pyd first seen with mtime 1713093364.254
File G:\My Drive\venvs\django-webapp\lib\site-packages\numpy\ma\extras.py first seen with mtime 1713093362.262
File G:\My Drive\venvs\django-webapp\lib\site-packages\numpy\polynomial\hermite_e.py first seen with mtime 1713093363.045
File G:\My Drive\venvs\django-webapp\lib\site-packages\numpy\polynomial\__init__.py first seen with mtime 1713093363.32
File G:\My Drive\venvs\django-webapp\lib\site-packages\numpy\ma\__init__.py first seen with mtime 1713093362.483
File G:\My Drive\venvs\django-webapp\lib\site-packages\numpy\random\_bounded_integers.cp39-win_amd64.pyd first seen with mtime 1713093363.94
File G:\My Drive\venvs\django-webapp\lib\site-packages\numpy\random\_pickle.py first seen with mtime 1713093364.288
File G:\My Drive\venvs\django-webapp\lib\site-packages\PIL\_util.py first seen with mtime 1723048399.925
File G:\My Drive\venvs\django-webapp\lib\site-packages\numpy\random\_mt19937.cp39-win_amd64.pyd first seen with mtime 1713093364.158
File G:\My Drive\venvs\django-webapp\lib\site-packages\cffi\model.py first seen with mtime 1722501139.725
File G:\My Drive\venvs\django-webapp\lib\site-packages\numpy\polynomial\chebyshev.py first seen with mtime 1713093362.965
File G:\My Drive\venvs\django-webapp\lib\site-packages\numpy\fft\helper.py first seen with mtime 1713093360.44
File G:\My Drive\venvs\django-webapp\lib\site-packages\numpy\random\_generator.cp39-win_amd64.pyd first seen with mtime 1713093364.086
File G:\My Drive\venvs\django-webapp\lib\site-packages\numpy\fft\_pocketfft.py first seen with mtime 1713093360.466
File G:\My Drive\venvs\django-webapp\lib\site-packages\numpy\random\__init__.py first seen with mtime 1713093364.394
File G:\My Drive\venvs\django-webapp\lib\site-packages\numpy\fft\__init__.py first seen with mtime 1713093360.522
File G:\My Drive\venvs\django-webapp\lib\site-packages\numpy\lib\_version.py first seen with mtime 1713093361.359
File G:\My Drive\venvs\django-webapp\lib\site-packages\numpy\typing\__init__.py first seen with mtime 1713093365.773
File G:\My Drive\venvs\django-webapp\lib\site-packages\numpy\polynomial\hermite.py first seen with mtime 1713093362.999
File G:\My Drive\venvs\django-webapp\lib\site-packages\cffi\lock.py first seen with mtime 1722501139.704
File G:\My Drive\venvs\django-webapp\lib\site-packages\numpy\random\bit_generator.cp39-win_amd64.pyd first seen with mtime 1713093363.69
File G:\My Drive\venvs\django-webapp\lib\site-packages\cffi\api.py first seen with mtime 1722501139.573
File G:\My Drive\PorraF1\website\f1porra_website\settings.py previous mtime: 1724188351.297, current mtime: 1724188398.224
G:\My Drive\PorraF1\website\f1porra_website\settings.py notified as changed. Signal results: [(<function template_changed at 0x000001E9807F19D0>, None), (<function translation_file_changed at 0x000001E981257AF0>, None)].
G:\My Drive\PorraF1\website\f1porra_website\settings.py changed, reloading.
WARNING 2026-03-02 10:46:57,167 log Not Found: /media/user_photos/WhatsApp_Image_2026-02-28_at_19.01.26.jpeg
WARNING 2026-03-02 10:46:57,171 basehttp "GET /media/user_photos/WhatsApp_Image_2026-02-28_at_19.01.26.jpeg HTTP/1.1" 404 6334
WARNING 2026-03-02 10:47:26,835 log Not Found: /media/user_photos/WhatsApp_Image_2026-02-28_at_19.01.26.jpeg
WARNING 2026-03-02 10:47:26,839 basehttp "GET /media/user_photos/WhatsApp_Image_2026-02-28_at_19.01.26.jpeg HTTP/1.1" 404 6334
WARNING 2026-03-02 10:48:52,809 basehttp "GET /static/theme/assets/gps/season2026/flags/barcelona.jpg HTTP/1.1" 404 1900
WARNING 2026-03-02 10:48:52,815 basehttp "GET /static/theme/assets/gps/season2026/tracks/canada.png HTTP/1.1" 404 1894
WARNING 2026-03-02 10:48:52,822 basehttp "GET /static/theme/assets/gps/season2026/track/barcelona.png HTTP/1.1" 404 1900
ERROR 2026-03-02 10:49:01,465 log Internal Server Error: /team/
Traceback (most recent call last):
  File "C:\Users\agurtubay\Documents\MyProjects\f1_fantasy_pwc\djangoapp\Lib\site-packages\django\core\handlers\exception.py", line 55, in inner
    response = get_response(request)
               ^^^^^^^^^^^^^^^^^^^^^
  File "C:\Users\agurtubay\Documents\MyProjects\f1_fantasy_pwc\djangoapp\Lib\site-packages\django\core\handlers\base.py", line 197, in _get_response
    response = wrapped_callback(request, *callback_args, **callback_kwargs)
               ^^^^^^^^^^^^^^^^^^^^^^^^^^^^^^^^^^^^^^^^^^^^^^^^^^^^^^^^^^^^
  File "C:\Users\agurtubay\Documents\MyProjects\f1_fantasy_pwc\djangoapp\Lib\site-packages\django\contrib\auth\decorators.py", line 23, in _wrapper_view
    return view_func(request, *args, **kwargs)
           ^^^^^^^^^^^^^^^^^^^^^^^^^^^^^^^^^^^
  File "C:\Users\agurtubay\Documents\MyProjects\f1_fantasy_pwc\f1porra_website\apps\public\views.py", line 254, in wrapped
    return view_func(request, *args, **kwargs)
           ^^^^^^^^^^^^^^^^^^^^^^^^^^^^^^^^^^^
  File "C:\Users\agurtubay\Documents\MyProjects\f1_fantasy_pwc\f1porra_website\apps\public\views.py", line 1587, in team
    budget_cap = _budget_cap_for_user(user)
                 ^^^^^^^^^^^^^^^^^^^^^^^^^^
  File "C:\Users\agurtubay\Documents\MyProjects\f1_fantasy_pwc\f1porra_website\apps\public\views.py", line 221, in _budget_cap_for_user
    return 160 if profile.premium_budget else 150
                  ^^^^^^^^^^^^^^^^^^^^^^
AttributeError: 'UserProfile' object has no attribute 'premium_budget'
ERROR 2026-03-02 10:49:01,474 basehttp "GET /team/ HTTP/1.1" 500 98442
WARNING 2026-03-02 10:51:33,371 log Forbidden: /accounts/profile/
WARNING 2026-03-02 10:51:33,372 basehttp "POST /accounts/profile/ HTTP/1.1" 403 9
WARNING 2026-03-02 10:51:43,971 log Forbidden: /accounts/profile/
WARNING 2026-03-02 10:51:43,974 basehttp "POST /accounts/profile/ HTTP/1.1" 403 9
WARNING 2026-03-02 10:52:20,694 log Forbidden: /accounts/profile/
WARNING 2026-03-02 10:52:20,695 basehttp "POST /accounts/profile/ HTTP/1.1" 403 9
WARNING 2026-03-02 10:57:44,909 basehttp "GET /static/theme/assets/drivers/ HTTP/1.1" 404 1809
WARNING 2026-03-04 09:11:25,653 log Not Found: /media/user_photos/Screenshot_2025-09-18_095839.png
WARNING 2026-03-04 09:11:25,656 basehttp "GET /media/user_photos/Screenshot_2025-09-18_095839.png HTTP/1.1" 404 6294
ERROR 2026-03-04 09:31:54,170 basehttp You're accessing the development server over HTTPS, but it only supports HTTP.
ERROR 2026-03-04 09:31:54,175 basehttp You're accessing the development server over HTTPS, but it only supports HTTP.
ERROR 2026-03-04 09:31:59,000 basehttp You're accessing the development server over HTTPS, but it only supports HTTP.
ERROR 2026-03-04 09:31:59,002 basehttp You're accessing the development server over HTTPS, but it only supports HTTP.
ERROR 2026-03-04 09:31:59,002 basehttp You're accessing the development server over HTTPS, but it only supports HTTP.
ERROR 2026-03-04 09:31:59,004 basehttp You're accessing the development server over HTTPS, but it only supports HTTP.
ERROR 2026-03-04 09:32:55,848 basehttp You're accessing the development server over HTTPS, but it only supports HTTP.
ERROR 2026-03-04 09:32:55,852 basehttp You're accessing the development server over HTTPS, but it only supports HTTP.
ERROR 2026-03-04 09:33:01,965 basehttp You're accessing the development server over HTTPS, but it only supports HTTP.
ERROR 2026-03-04 09:33:01,969 basehttp You're accessing the development server over HTTPS, but it only supports HTTP.
ERROR 2026-03-04 09:34:00,728 basehttp You're accessing the development server over HTTPS, but it only supports HTTP.
ERROR 2026-03-04 09:34:00,731 basehttp You're accessing the development server over HTTPS, but it only supports HTTP.
ERROR 2026-03-04 09:34:16,854 basehttp You're accessing the development server over HTTPS, but it only supports HTTP.
ERROR 2026-03-04 09:34:16,857 basehttp You're accessing the development server over HTTPS, but it only supports HTTP.
ERROR 2026-03-04 09:34:38,367 basehttp You're accessing the development server over HTTPS, but it only supports HTTP.
ERROR 2026-03-04 09:34:38,371 basehttp You're accessing the development server over HTTPS, but it only supports HTTP.
ERROR 2026-03-04 09:35:48,174 basehttp You're accessing the development server over HTTPS, but it only supports HTTP.
ERROR 2026-03-04 09:35:48,178 basehttp You're accessing the development server over HTTPS, but it only supports HTTP.
ERROR 2026-03-04 09:36:02,285 basehttp You're accessing the development server over HTTPS, but it only supports HTTP.
ERROR 2026-03-04 09:36:02,531 basehttp You're accessing the development server over HTTPS, but it only supports HTTP.
ERROR 2026-03-04 09:36:02,600 basehttp You're accessing the development server over HTTPS, but it only supports HTTP.
ERROR 2026-03-04 09:36:02,850 basehttp You're accessing the development server over HTTPS, but it only supports HTTP.
ERROR 2026-03-04 09:36:36,929 basehttp You're accessing the development server over HTTPS, but it only supports HTTP.
ERROR 2026-03-04 09:36:36,936 basehttp You're accessing the development server over HTTPS, but it only supports HTTP.
ERROR 2026-03-04 09:38:20,333 basehttp You're accessing the development server over HTTPS, but it only supports HTTP.
ERROR 2026-03-04 09:38:20,338 basehttp You're accessing the development server over HTTPS, but it only supports HTTP.
ERROR 2026-03-04 09:38:23,474 basehttp You're accessing the development server over HTTPS, but it only supports HTTP.
ERROR 2026-03-04 09:38:23,478 basehttp You're accessing the development server over HTTPS, but it only supports HTTP.
ERROR 2026-03-04 09:38:23,479 basehttp You're accessing the development server over HTTPS, but it only supports HTTP.
ERROR 2026-03-04 09:38:23,480 basehttp You're accessing the development server over HTTPS, but it only supports HTTP.
ERROR 2026-03-04 18:35:07,286 basehttp You're accessing the development server over HTTPS, but it only supports HTTP.
ERROR 2026-03-04 18:35:07,291 basehttp You're accessing the development server over HTTPS, but it only supports HTTP.
ERROR 2026-03-04 18:42:00,859 basehttp You're accessing the development server over HTTPS, but it only supports HTTP.
ERROR 2026-03-04 18:42:00,861 basehttp You're accessing the development server over HTTPS, but it only supports HTTP.
WARNING 2026-03-04 18:42:29,981 log Not Found: /favicon.ico
WARNING 2026-03-04 18:42:29,983 basehttp "GET /favicon.ico HTTP/1.1" 404 5922
WARNING 2026-03-04 19:17:06,371 log Not Found: /media/user_photos/Screenshot_2025-09-18_095839.png
WARNING 2026-03-04 19:17:06,373 basehttp "GET /media/user_photos/Screenshot_2025-09-18_095839.png HTTP/1.1" 404 6271
WARNING 2026-03-04 19:17:14,071 log Not Found: /media/user_photos/Screenshot_2025-09-18_095839.png
WARNING 2026-03-04 19:17:14,072 basehttp "GET /media/user_photos/Screenshot_2025-09-18_095839.png HTTP/1.1" 404 6271
WARNING 2026-03-04 19:19:42,155 log Not Found: /media/user_photos/Screenshot_2025-09-18_095839.png
WARNING 2026-03-04 19:19:42,157 basehttp "GET /media/user_photos/Screenshot_2025-09-18_095839.png HTTP/1.1" 404 6271
WARNING 2026-03-04 19:19:48,123 log Not Found: /media/user_photos/Screenshot_2025-09-18_095839.png
WARNING 2026-03-04 19:19:48,124 basehttp "GET /media/user_photos/Screenshot_2025-09-18_095839.png HTTP/1.1" 404 6271
WARNING 2026-03-04 19:20:35,383 log Not Found: /media/user_photos/Screenshot_2025-09-18_095839.png
WARNING 2026-03-04 19:20:35,384 basehttp "GET /media/user_photos/Screenshot_2025-09-18_095839.png HTTP/1.1" 404 6271
WARNING 2026-03-04 19:20:35,473 log Not Found: /media/user_photos/Screenshot_2025-09-18_095839.png
WARNING 2026-03-04 19:20:35,476 basehttp "GET /media/user_photos/Screenshot_2025-09-18_095839.png HTTP/1.1" 404 6271
WARNING 2026-03-04 19:23:49,077 log Not Found: /media/user_photos/Screenshot_2025-09-18_095839.png
WARNING 2026-03-04 19:23:49,078 basehttp "GET /media/user_photos/Screenshot_2025-09-18_095839.png HTTP/1.1" 404 6271
WARNING 2026-03-04 19:23:49,229 log Not Found: /media/user_photos/Screenshot_2025-09-18_095839.png
WARNING 2026-03-04 19:23:49,230 basehttp "GET /media/user_photos/Screenshot_2025-09-18_095839.png HTTP/1.1" 404 6271
WARNING 2026-03-04 19:29:09,832 log Not Found: /media/user_photos/Screenshot_2025-09-18_095839.png
WARNING 2026-03-04 19:29:09,833 basehttp "GET /media/user_photos/Screenshot_2025-09-18_095839.png HTTP/1.1" 404 6271
WARNING 2026-03-04 19:29:14,793 log Not Found: /media/user_photos/Screenshot_2025-09-18_095839.png
WARNING 2026-03-04 19:29:14,794 basehttp "GET /media/user_photos/Screenshot_2025-09-18_095839.png HTTP/1.1" 404 6271
WARNING 2026-03-04 19:29:36,651 log Not Found: /media/user_photos/Screenshot_2025-09-18_095839.png
WARNING 2026-03-04 19:29:36,651 basehttp "GET /media/user_photos/Screenshot_2025-09-18_095839.png HTTP/1.1" 404 6271
WARNING 2026-03-04 19:29:37,346 log Not Found: /media/user_photos/Screenshot_2025-09-18_095839.png
WARNING 2026-03-04 19:29:37,347 basehttp "GET /media/user_photos/Screenshot_2025-09-18_095839.png HTTP/1.1" 404 6271
WARNING 2026-03-04 19:30:51,677 log Not Found: /media/user_photos/Screenshot_2025-09-18_095839.png
WARNING 2026-03-04 19:30:51,681 basehttp "GET /media/user_photos/Screenshot_2025-09-18_095839.png HTTP/1.1" 404 6271
WARNING 2026-03-04 19:32:20,420 log Not Found: /media/user_photos/Screenshot_2025-09-18_095839.png
WARNING 2026-03-04 19:32:20,421 basehttp "GET /media/user_photos/Screenshot_2025-09-18_095839.png HTTP/1.1" 404 6271
WARNING 2026-03-04 19:38:02,251 log Not Found: /media/user_photos/Screenshot_2025-09-18_095839.png
WARNING 2026-03-04 19:38:02,252 basehttp "GET /media/user_photos/Screenshot_2025-09-18_095839.png HTTP/1.1" 404 6271
WARNING 2026-03-04 19:38:09,382 log Not Found: /media/user_photos/Screenshot_2025-09-18_095839.png
WARNING 2026-03-04 19:38:09,384 basehttp "GET /media/user_photos/Screenshot_2025-09-18_095839.png HTTP/1.1" 404 6271
WARNING 2026-03-04 19:38:19,297 log Not Found: /media/user_photos/Screenshot_2025-09-18_095839.png
WARNING 2026-03-04 19:38:19,300 basehttp "GET /media/user_photos/Screenshot_2025-09-18_095839.png HTTP/1.1" 404 6271
WARNING 2026-03-04 19:39:35,083 log Not Found: /media/user_photos/Screenshot_2025-09-18_095839.png
WARNING 2026-03-04 19:39:35,085 basehttp "GET /media/user_photos/Screenshot_2025-09-18_095839.png HTTP/1.1" 404 6271
WARNING 2026-03-04 19:39:44,543 log Not Found: /media/user_photos/Screenshot_2025-09-18_095839.png
WARNING 2026-03-04 19:39:44,544 basehttp "GET /media/user_photos/Screenshot_2025-09-18_095839.png HTTP/1.1" 404 6271
WARNING 2026-03-04 19:42:01,193 log Not Found: /media/user_photos/Screenshot_2025-09-18_095839.png
WARNING 2026-03-04 19:42:01,195 basehttp "GET /media/user_photos/Screenshot_2025-09-18_095839.png HTTP/1.1" 404 6271
WARNING 2026-03-04 19:42:01,259 log Not Found: /media/user_photos/Screenshot_2025-09-18_095839.png
WARNING 2026-03-04 19:42:01,260 basehttp "GET /media/user_photos/Screenshot_2025-09-18_095839.png HTTP/1.1" 404 6271
WARNING 2026-03-04 19:42:09,682 log Not Found: /media/user_photos/Screenshot_2025-09-18_095839.png
WARNING 2026-03-04 19:42:09,683 basehttp "GET /media/user_photos/Screenshot_2025-09-18_095839.png HTTP/1.1" 404 6271
WARNING 2026-03-04 19:42:10,299 log Not Found: /media/user_photos/Screenshot_2025-09-18_095839.png
WARNING 2026-03-04 19:42:10,301 basehttp "GET /media/user_photos/Screenshot_2025-09-18_095839.png HTTP/1.1" 404 6271
WARNING 2026-03-04 19:43:56,875 log Not Found: /media/user_photos/Screenshot_2025-09-18_095839.png
WARNING 2026-03-04 19:43:56,877 basehttp "GET /media/user_photos/Screenshot_2025-09-18_095839.png HTTP/1.1" 404 6271
WARNING 2026-03-04 19:43:57,070 log Not Found: /media/user_photos/Screenshot_2025-09-18_095839.png
WARNING 2026-03-04 19:43:57,074 basehttp "GET /media/user_photos/Screenshot_2025-09-18_095839.png HTTP/1.1" 404 6271
WARNING 2026-03-04 19:46:09,218 log Not Found: /media/user_photos/Screenshot_2025-09-18_095839.png
WARNING 2026-03-04 19:46:09,218 basehttp "GET /media/user_photos/Screenshot_2025-09-18_095839.png HTTP/1.1" 404 6271
WARNING 2026-03-04 19:46:09,431 log Not Found: /media/user_photos/Screenshot_2025-09-18_095839.png
WARNING 2026-03-04 19:46:09,433 basehttp "GET /media/user_photos/Screenshot_2025-09-18_095839.png HTTP/1.1" 404 6271
WARNING 2026-03-04 19:50:04,020 log Not Found: /media/user_photos/Screenshot_2025-09-18_095839.png
WARNING 2026-03-04 19:50:04,021 basehttp "GET /media/user_photos/Screenshot_2025-09-18_095839.png HTTP/1.1" 404 6271
WARNING 2026-03-04 19:50:04,276 log Not Found: /media/user_photos/Screenshot_2025-09-18_095839.png
WARNING 2026-03-04 19:50:04,279 basehttp "GET /media/user_photos/Screenshot_2025-09-18_095839.png HTTP/1.1" 404 6271
WARNING 2026-03-04 19:50:47,909 log Not Found: /media/user_photos/Screenshot_2025-09-18_095839.png
WARNING 2026-03-04 19:50:47,914 basehttp "GET /media/user_photos/Screenshot_2025-09-18_095839.png HTTP/1.1" 404 6271
WARNING 2026-03-04 19:50:48,192 log Not Found: /media/user_photos/Screenshot_2025-09-18_095839.png
WARNING 2026-03-04 19:50:48,193 basehttp "GET /media/user_photos/Screenshot_2025-09-18_095839.png HTTP/1.1" 404 6271
WARNING 2026-03-04 19:53:01,566 log Not Found: /media/user_photos/Screenshot_2025-09-18_095839.png
WARNING 2026-03-04 19:53:01,566 basehttp "GET /media/user_photos/Screenshot_2025-09-18_095839.png HTTP/1.1" 404 6271
WARNING 2026-03-04 19:53:01,797 log Not Found: /media/user_photos/Screenshot_2025-09-18_095839.png
WARNING 2026-03-04 19:53:01,799 basehttp "GET /media/user_photos/Screenshot_2025-09-18_095839.png HTTP/1.1" 404 6271
WARNING 2026-03-04 19:54:39,313 log Not Found: /media/user_photos/Screenshot_2025-09-18_095839.png
WARNING 2026-03-04 19:54:39,313 basehttp "GET /media/user_photos/Screenshot_2025-09-18_095839.png HTTP/1.1" 404 6271
WARNING 2026-03-04 19:54:39,537 log Not Found: /media/user_photos/Screenshot_2025-09-18_095839.png
WARNING 2026-03-04 19:54:39,540 basehttp "GET /media/user_photos/Screenshot_2025-09-18_095839.png HTTP/1.1" 404 6271
WARNING 2026-03-04 19:59:16,259 log Not Found: /media/user_photos/Screenshot_2025-09-18_095839.png
WARNING 2026-03-04 19:59:16,261 basehttp "GET /media/user_photos/Screenshot_2025-09-18_095839.png HTTP/1.1" 404 6271
WARNING 2026-03-04 20:00:09,011 log Not Found: /media/user_photos/Screenshot_2025-09-18_095839.png
WARNING 2026-03-04 20:00:09,012 basehttp "GET /media/user_photos/Screenshot_2025-09-18_095839.png HTTP/1.1" 404 6271
WARNING 2026-03-04 20:00:09,144 log Not Found: /media/user_photos/Screenshot_2025-09-18_095839.png
WARNING 2026-03-04 20:00:09,146 basehttp "GET /media/user_photos/Screenshot_2025-09-18_095839.png HTTP/1.1" 404 6271
WARNING 2026-03-04 20:01:58,078 log Not Found: /media/user_photos/Screenshot_2025-09-18_095839.png
WARNING 2026-03-04 20:01:58,079 basehttp "GET /media/user_photos/Screenshot_2025-09-18_095839.png HTTP/1.1" 404 6271
WARNING 2026-03-04 20:01:58,721 log Not Found: /media/user_photos/Screenshot_2025-09-18_095839.png
WARNING 2026-03-04 20:01:58,723 basehttp "GET /media/user_photos/Screenshot_2025-09-18_095839.png HTTP/1.1" 404 6271
WARNING 2026-03-04 20:02:01,876 log Not Found: /media/user_photos/Screenshot_2025-09-18_095839.png
WARNING 2026-03-04 20:02:01,877 basehttp "GET /media/user_photos/Screenshot_2025-09-18_095839.png HTTP/1.1" 404 6271
WARNING 2026-03-04 20:02:05,204 log Not Found: /media/user_photos/Screenshot_2025-09-18_095839.png
WARNING 2026-03-04 20:02:05,210 basehttp "GET /media/user_photos/Screenshot_2025-09-18_095839.png HTTP/1.1" 404 6271
WARNING 2026-03-04 20:02:24,910 log Not Found: /media/user_photos/Screenshot_2025-09-18_095839.png
WARNING 2026-03-04 20:02:24,911 basehttp "GET /media/user_photos/Screenshot_2025-09-18_095839.png HTTP/1.1" 404 6271
WARNING 2026-03-04 20:02:38,114 log Not Found: /media/user_photos/Screenshot_2025-09-18_095839.png
WARNING 2026-03-04 20:02:38,115 basehttp "GET /media/user_photos/Screenshot_2025-09-18_095839.png HTTP/1.1" 404 6271
WARNING 2026-03-04 20:02:44,494 log Not Found: /media/user_photos/Screenshot_2025-09-18_095839.png
WARNING 2026-03-04 20:02:44,495 basehttp "GET /media/user_photos/Screenshot_2025-09-18_095839.png HTTP/1.1" 404 6271
WARNING 2026-03-04 20:02:44,525 log Not Found: /media/user_photos/Screenshot_2025-09-18_095839.png
WARNING 2026-03-04 20:02:44,525 basehttp "GET /media/user_photos/Screenshot_2025-09-18_095839.png HTTP/1.1" 404 6271
WARNING 2026-03-04 20:04:54,760 log Not Found: /media/user_photos/Screenshot_2025-09-18_095839.png
WARNING 2026-03-04 20:04:54,761 basehttp "GET /media/user_photos/Screenshot_2025-09-18_095839.png HTTP/1.1" 404 6271
WARNING 2026-03-04 20:04:55,073 log Not Found: /media/user_photos/Screenshot_2025-09-18_095839.png
WARNING 2026-03-04 20:04:55,074 basehttp "GET /media/user_photos/Screenshot_2025-09-18_095839.png HTTP/1.1" 404 6271
WARNING 2026-03-04 20:05:02,603 log Not Found: /media/user_photos/Screenshot_2025-09-18_095839.png
WARNING 2026-03-04 20:05:02,604 basehttp "GET /media/user_photos/Screenshot_2025-09-18_095839.png HTTP/1.1" 404 6271
WARNING 2026-03-04 20:05:08,302 log Not Found: /media/user_photos/Screenshot_2025-09-18_095839.png
WARNING 2026-03-04 20:05:08,303 basehttp "GET /media/user_photos/Screenshot_2025-09-18_095839.png HTTP/1.1" 404 6271
WARNING 2026-03-04 20:05:11,624 log Not Found: /media/user_photos/Screenshot_2025-09-18_095839.png
WARNING 2026-03-04 20:05:11,625 basehttp "GET /media/user_photos/Screenshot_2025-09-18_095839.png HTTP/1.1" 404 6271
WARNING 2026-03-05 14:36:34,716 log Not Found: /media/user_photos/Screenshot_2025-09-18_095839.png
WARNING 2026-03-05 14:36:34,717 basehttp "GET /media/user_photos/Screenshot_2025-09-18_095839.png HTTP/1.1" 404 6283
WARNING 2026-03-05 14:36:38,184 log Not Found: /media/user_photos/Screenshot_2025-09-18_095839.png
WARNING 2026-03-05 14:36:38,185 basehttp "GET /media/user_photos/Screenshot_2025-09-18_095839.png HTTP/1.1" 404 6283
WARNING 2026-03-05 14:36:38,209 log Not Found: /media/user_photos/Screenshot_2025-09-18_095839.png
WARNING 2026-03-05 14:36:38,211 basehttp "GET /media/user_photos/Screenshot_2025-09-18_095839.png HTTP/1.1" 404 6283
WARNING 2026-03-05 14:39:21,336 log Not Found: /media/user_photos/Screenshot_2025-09-18_095839.png
WARNING 2026-03-05 14:39:21,337 basehttp "GET /media/user_photos/Screenshot_2025-09-18_095839.png HTTP/1.1" 404 6283
WARNING 2026-03-05 14:39:21,349 log Not Found: /media/user_photos/Screenshot_2025-09-18_095839.png
WARNING 2026-03-05 14:39:21,350 basehttp "GET /media/user_photos/Screenshot_2025-09-18_095839.png HTTP/1.1" 404 6283
WARNING 2026-03-05 14:40:40,799 log Not Found: /media/user_photos/Screenshot_2025-09-18_095839.png
WARNING 2026-03-05 14:40:40,800 basehttp "GET /media/user_photos/Screenshot_2025-09-18_095839.png HTTP/1.1" 404 6283
WARNING 2026-03-05 14:40:40,894 log Not Found: /media/user_photos/Screenshot_2025-09-18_095839.png
WARNING 2026-03-05 14:40:40,896 basehttp "GET /media/user_photos/Screenshot_2025-09-18_095839.png HTTP/1.1" 404 6283
WARNING 2026-03-05 14:42:12,893 log Not Found: /media/user_photos/Screenshot_2025-09-18_095839.png
WARNING 2026-03-05 14:42:12,895 basehttp "GET /media/user_photos/Screenshot_2025-09-18_095839.png HTTP/1.1" 404 6283
WARNING 2026-03-05 14:42:13,032 log Not Found: /media/user_photos/Screenshot_2025-09-18_095839.png
WARNING 2026-03-05 14:42:13,036 basehttp "GET /media/user_photos/Screenshot_2025-09-18_095839.png HTTP/1.1" 404 6283
WARNING 2026-03-05 14:43:12,305 log Not Found: /media/user_photos/Screenshot_2025-09-18_095839.png
WARNING 2026-03-05 14:43:12,306 basehttp "GET /media/user_photos/Screenshot_2025-09-18_095839.png HTTP/1.1" 404 6283
WARNING 2026-03-05 14:43:12,566 log Not Found: /media/user_photos/Screenshot_2025-09-18_095839.png
WARNING 2026-03-05 14:43:12,568 basehttp "GET /media/user_photos/Screenshot_2025-09-18_095839.png HTTP/1.1" 404 6283
WARNING 2026-03-05 14:45:17,278 log Not Found: /media/user_photos/Screenshot_2025-09-18_095839.png
WARNING 2026-03-05 14:45:17,280 basehttp "GET /media/user_photos/Screenshot_2025-09-18_095839.png HTTP/1.1" 404 6283
WARNING 2026-03-05 14:45:17,386 log Not Found: /media/user_photos/Screenshot_2025-09-18_095839.png
WARNING 2026-03-05 14:45:17,388 basehttp "GET /media/user_photos/Screenshot_2025-09-18_095839.png HTTP/1.1" 404 6283
WARNING 2026-03-05 18:56:29,849 log Not Found: /media/user_photos/Screenshot_2025-09-18_095839.png
WARNING 2026-03-05 18:56:29,850 basehttp "GET /media/user_photos/Screenshot_2025-09-18_095839.png HTTP/1.1" 404 6448
WARNING 2026-03-05 18:56:32,276 log Not Found: /media/user_photos/Screenshot_2025-09-18_095839.png
WARNING 2026-03-05 18:56:32,277 basehttp "GET /media/user_photos/Screenshot_2025-09-18_095839.png HTTP/1.1" 404 6448
ERROR 2026-03-06 09:55:16,533 basehttp You're accessing the development server over HTTPS, but it only supports HTTP.
ERROR 2026-03-06 09:55:16,537 basehttp You're accessing the development server over HTTPS, but it only supports HTTP.
WARNING 2026-03-06 10:13:18,104 basehttp "GET /static/theme/assets/drivers/ HTTP/1.1" 404 1809
ERROR 2026-03-06 10:15:20,683 basehttp You're accessing the development server over HTTPS, but it only supports HTTP.
ERROR 2026-03-06 10:15:20,687 basehttp You're accessing the development server over HTTPS, but it only supports HTTP.
WARNING 2026-03-06 10:23:58,589 log Not Found: /.well-known/appspecific/com.chrome.devtools.json
WARNING 2026-03-06 10:23:58,590 basehttp "GET /.well-known/appspecific/com.chrome.devtools.json HTTP/1.1" 404 6198
WARNING 2026-03-06 10:28:08,190 log Not Found: /.well-known/appspecific/com.chrome.devtools.json
WARNING 2026-03-06 10:28:08,191 basehttp "GET /.well-known/appspecific/com.chrome.devtools.json HTTP/1.1" 404 6198
WARNING 2026-03-06 10:32:02,771 log Not Found: /.well-known/appspecific/com.chrome.devtools.json
WARNING 2026-03-06 10:32:02,772 basehttp "GET /.well-known/appspecific/com.chrome.devtools.json HTTP/1.1" 404 6198
WARNING 2026-03-06 10:33:02,927 log Not Found: /.well-known/appspecific/com.chrome.devtools.json
WARNING 2026-03-06 10:33:02,927 basehttp "GET /.well-known/appspecific/com.chrome.devtools.json HTTP/1.1" 404 6198
WARNING 2026-03-06 10:33:38,368 log Not Found: /.well-known/appspecific/com.chrome.devtools.json
WARNING 2026-03-06 10:33:38,369 basehttp "GET /.well-known/appspecific/com.chrome.devtools.json HTTP/1.1" 404 6198
WARNING 2026-03-07 17:30:58,995 log Not Found: /media/user_photos/Screenshot_2025-09-18_095839.png
WARNING 2026-03-07 17:30:58,996 basehttp "GET /media/user_photos/Screenshot_2025-09-18_095839.png HTTP/1.1" 404 6459
WARNING 2026-03-07 17:31:55,362 log Not Found: /media/user_photos/Screenshot_2025-09-18_095839.png
WARNING 2026-03-07 17:31:55,363 basehttp "GET /media/user_photos/Screenshot_2025-09-18_095839.png HTTP/1.1" 404 6459
WARNING 2026-03-07 17:39:13,734 log Not Found: /media/user_photos/Screenshot_2025-09-18_095839.png
WARNING 2026-03-07 17:39:13,735 basehttp "GET /media/user_photos/Screenshot_2025-09-18_095839.png HTTP/1.1" 404 6459
WARNING 2026-03-07 17:53:53,571 log Not Found: /media/user_photos/Screenshot_2025-09-18_095839.png
WARNING 2026-03-07 17:53:53,573 basehttp "GET /media/user_photos/Screenshot_2025-09-18_095839.png HTTP/1.1" 404 6459
WARNING 2026-03-07 18:04:32,518 log Not Found: /media/user_photos/Screenshot_2025-09-18_095839.png
WARNING 2026-03-07 18:04:32,519 basehttp "GET /media/user_photos/Screenshot_2025-09-18_095839.png HTTP/1.1" 404 6459
WARNING 2026-03-07 18:06:18,989 log Not Found: /media/user_photos/Screenshot_2025-09-18_095839.png
WARNING 2026-03-07 18:06:18,990 basehttp "GET /media/user_photos/Screenshot_2025-09-18_095839.png HTTP/1.1" 404 6459
WARNING 2026-03-07 18:06:37,941 log Not Found: /.well-known/appspecific/com.chrome.devtools.json
WARNING 2026-03-07 18:06:37,942 basehttp "GET /.well-known/appspecific/com.chrome.devtools.json HTTP/1.1" 404 6198
WARNING 2026-03-07 18:08:40,675 log Not Found: /.well-known/appspecific/com.chrome.devtools.json
WARNING 2026-03-07 18:08:40,676 basehttp "GET /.well-known/appspecific/com.chrome.devtools.json HTTP/1.1" 404 6198
WARNING 2026-03-07 18:09:02,481 log Not Found: /.well-known/appspecific/com.chrome.devtools.json
WARNING 2026-03-07 18:09:02,481 basehttp "GET /.well-known/appspecific/com.chrome.devtools.json HTTP/1.1" 404 6198
WARNING 2026-03-07 18:11:50,846 log Not Found: /.well-known/appspecific/com.chrome.devtools.json
WARNING 2026-03-07 18:11:50,848 basehttp "GET /.well-known/appspecific/com.chrome.devtools.json HTTP/1.1" 404 6198
WARNING 2026-03-07 18:15:07,760 log Not Found: /.well-known/appspecific/com.chrome.devtools.json
WARNING 2026-03-07 18:15:07,762 basehttp "GET /.well-known/appspecific/com.chrome.devtools.json HTTP/1.1" 404 6198
WARNING 2026-03-07 18:16:18,372 log Not Found: /.well-known/appspecific/com.chrome.devtools.json
WARNING 2026-03-07 18:16:18,374 basehttp "GET /.well-known/appspecific/com.chrome.devtools.json HTTP/1.1" 404 6198
WARNING 2026-03-07 18:17:18,107 log Not Found: /.well-known/appspecific/com.chrome.devtools.json
WARNING 2026-03-07 18:17:18,107 basehttp "GET /.well-known/appspecific/com.chrome.devtools.json HTTP/1.1" 404 6198
